order_date,sales_id,customer_id,product_id,price_per_unit,quantity,sales,state
01-01-2021,1,4,769,109,1,109,Northern Territory
01-01-2021,2,123,616,112,1,112,South Australia
01-01-2021,3,143,837,117,1,117,Australian Capital Territory
02-01-2021,4,94,458,118,3,354,Queensland
02-01-2021,5,111,660,93,,279,Queensland
02-01-2021,6,123,724,119,2,238,New South Wales
02-01-2021,7,138,51,104,2,208,Queensland
02-01-2021,8,172,706,119,3,357,Northern Territory
02-01-2021,9,174,1174,99,1,99,Northern Territory
02-01-2021,10,188,961,97,3,291,Western Australia
03-01-2021,11,9,917,96,3,288,Northern Territory
03-01-2021,12,116,621,112,2,224,South Australia
03-01-2021,13,170,1224,105,2,210,Queensland
04-01-2021,14,116,370,94,1,94,New South Wales
04-01-2021,15,171,655,93,1,93,Western Australia
04-01-2021,16,199,78,118,2,236,Victoria
05-01-2021,17,36,737,109,2,218,Australian Capital Territory
05-01-2021,18,46,316,109,3,327,New South Wales
05-01-2021,19,62,1045,90,2,180,Victoria
05-01-2021,20,65,744,109,3,327,South Australia
05-01-2021,21,185,55,104,3,312,Tasmania
06-01-2021,22,49,1044,90,2,180,Victoria
06-01-2021,23,202,224,106,1,106,Tasmania
07-01-2021,24,9,1040,90,2,180,Northern Territory
07-01-2021,25,63,208,98,1,98,Victoria
07-01-2021,26,69,616,112,3,336,New South Wales
07-01-2021,27,114,740,109,1,109,Western Australia
07-01-2021,28,140,628,112,1,112,Queensland
08-01-2021,29,26,453,107,1,107,Queensland
08-01-2021,30,107,203,98,3,294,Australian Capital Territory
09-01-2021,31,92,234,106,2,212,Northern Territory
09-01-2021,32,107,242,106,2,212,Queensland
09-01-2021,33,122,1015,90,3,270,South Australia
09-01-2021,34,171,85,118,2,236,Western Australia
09-01-2021,35,203,574,100,1,100,Queensland
10-01-2021,36,36,675,113,1,113,Queensland
10-01-2021,37,39,317,109,2,218,Western Australia
10-01-2021,38,99,485,118,2,236,Australian Capital Territory
10-01-2021,39,114,997,106,3,318,Northern Territory
10-01-2021,40,119,66,104,1,104,New South Wales
10-01-2021,41,175,165,91,1,91,New South Wales
11-01-2021,42,22,321,109,3,327,Victoria
11-01-2021,43,56,879,94,3,282,Queensland
11-01-2021,44,135,376,94,1,94,Tasmania
11-01-2021,45,185,1057,93,3,279,Australian Capital Territory
12-01-2021,46,19,682,113,3,339,Australian Capital Territory
12-01-2021,47,66,125,92,2,184,Western Australia
12-01-2021,48,67,453,107,2,214,New South Wales
12-01-2021,49,89,520,102,3,306,Queensland
12-01-2021,50,133,374,94,3,282,Western Australia
12-01-2021,51,173,1005,106,2,212,Northern Territory
12-01-2021,52,185,249,95,1,95,Victoria
13-01-2021,53,4,12,96,2,192,South Australia
13-01-2021,54,110,647,93,3,279,Queensland
13-01-2021,55,177,256,95,1,95,South Australia
13-01-2021,56,204,879,94,1,94,New South Wales
14-01-2021,57,31,1245,112,1,112,Australian Capital Territory
14-01-2021,58,114,991,106,3,318,New South Wales
14-01-2021,59,150,1110,115,3,345,New South Wales
15-01-2021,60,54,268,95,1,95,Tasmania
15-01-2021,61,110,687,113,2,226,South Australia
15-01-2021,62,161,483,118,2,236,Australian Capital Territory
16-01-2021,63,163,549,98,2,196,Victoria
17-01-2021,64,164,604,112,1,112,South Australia
17-01-2021,65,196,750,109,1,109,South Australia
18-01-2021,66,200,1158,99,2,198,South Australia
18-01-2021,67,204,325,109,2,218,South Australia
19-01-2021,68,170,357,94,1,94,Western Australia
20-01-2021,69,61,1180,99,1,99,Victoria
20-01-2021,70,85,379,94,1,94,Northern Territory
20-01-2021,71,89,818,117,2,234,Western Australia
20-01-2021,72,195,370,94,2,188,Tasmania
21-01-2021,73,186,316,109,2,218,South Australia
22-01-2021,74,12,782,91,1,91,Northern Territory
22-01-2021,75,39,20,96,2,192,South Australia
22-01-2021,76,83,260,95,2,190,New South Wales
22-01-2021,77,200,758,109,3,327,South Australia
23-01-2021,78,13,835,117,1,117,Northern Territory
23-01-2021,79,135,730,119,2,238,Australian Capital Territory
24-01-2021,80,14,909,94,2,188,Victoria
24-01-2021,81,163,43,104,3,312,Western Australia
25-01-2021,82,20,571,100,1,100,Northern Territory
25-01-2021,83,82,528,98,3,294,Northern Territory
25-01-2021,84,115,1196,105,1,105,Northern Territory
25-01-2021,85,156,438,107,2,214,Northern Territory
25-01-2021,86,158,130,92,2,184,Tasmania
26-01-2021,87,66,810,117,3,351,Northern Territory
26-01-2021,88,77,614,112,1,112,South Australia
26-01-2021,89,177,64,104,1,104,Queensland
27-01-2021,90,52,1101,115,3,345,New South Wales
27-01-2021,91,96,395,119,1,119,Victoria
27-01-2021,92,163,372,94,1,94,Queensland
27-01-2021,93,165,26,96,1,96,Queensland
27-01-2021,94,171,812,117,1,117,Western Australia
27-01-2021,95,183,1192,105,2,210,Western Australia
27-01-2021,96,186,617,112,1,112,New South Wales
29-01-2021,97,38,138,92,2,184,Northern Territory
29-01-2021,98,142,1237,112,3,336,Queensland
29-01-2021,99,149,423,107,1,107,Tasmania
30-01-2021,100,63,975,97,2,194,Queensland
30-01-2021,101,92,991,106,3,318,Queensland
31-01-2021,102,13,114,92,3,276,Queensland
31-01-2021,103,21,298,105,2,210,South Australia
31-01-2021,104,28,226,106,2,212,Australian Capital Territory
31-01-2021,105,73,1135,102,1,102,South Australia
31-01-2021,106,102,332,109,3,327,Australian Capital Territory
31-01-2021,107,127,121,92,1,92,Western Australia
31-01-2021,108,129,570,100,1,100,Queensland
31-01-2021,109,191,23,96,2,192,Tasmania
01-02-2021,110,39,892,94,3,282,Western Australia
02-02-2021,111,13,753,109,2,218,Northern Territory
02-02-2021,112,17,1066,93,2,186,South Australia
02-02-2021,113,30,462,118,3,354,South Australia
02-02-2021,114,37,645,93,2,186,South Australia
02-02-2021,115,122,712,119,2,238,Northern Territory
02-02-2021,116,169,1062,93,1,93,Northern Territory
02-02-2021,117,194,893,94,1,94,Tasmania
03-02-2021,118,1,481,118,1,118,Australian Capital Territory
03-02-2021,119,9,486,118,2,236,Western Australia
03-02-2021,120,43,134,92,3,276,Queensland
03-02-2021,121,90,1129,102,3,306,Queensland
03-02-2021,122,158,1173,99,2,198,South Australia
04-02-2021,123,24,852,113,2,226,Tasmania
04-02-2021,124,113,979,97,3,291,New South Wales
04-02-2021,125,202,174,91,3,273,Tasmania
05-02-2021,126,14,1202,105,2,210,Tasmania
05-02-2021,127,29,246,95,2,190,Western Australia
05-02-2021,128,60,451,107,3,321,Northern Territory
05-02-2021,129,115,539,98,1,98,Western Australia
05-02-2021,130,142,717,119,3,357,South Australia
05-02-2021,131,157,442,107,1,107,South Australia
06-02-2021,132,40,333,109,2,218,New South Wales
06-02-2021,133,59,928,96,1,96,Tasmania
06-02-2021,134,81,626,112,1,112,Victoria
06-02-2021,135,137,175,98,1,98,Western Australia
06-02-2021,136,162,1052,93,3,279,Western Australia
07-02-2021,137,77,364,94,1,94,Western Australia
07-02-2021,138,149,93,118,3,354,Australian Capital Territory
07-02-2021,139,151,287,105,3,315,Australian Capital Territory
07-02-2021,140,152,490,102,1,102,New South Wales
07-02-2021,141,202,104,118,3,354,Victoria
08-02-2021,142,30,411,119,2,238,South Australia
08-02-2021,143,81,987,106,2,212,Victoria
08-02-2021,144,96,940,96,1,96,South Australia
08-02-2021,145,97,120,92,1,92,Australian Capital Territory
08-02-2021,146,191,1077,93,2,186,Western Australia
09-02-2021,147,4,1184,99,3,297,Western Australia
09-02-2021,148,197,1065,93,1,93,Northern Territory
10-02-2021,149,117,890,94,3,282,New South Wales
11-02-2021,150,14,91,118,3,354,Tasmania
11-02-2021,151,169,1016,90,2,180,Western Australia
12-02-2021,152,15,972,97,3,291,Australian Capital Territory
12-02-2021,153,57,1148,102,3,306,Northern Territory
12-02-2021,154,88,1221,105,2,210,Victoria
12-02-2021,155,142,575,100,3,300,New South Wales
13-02-2021,156,69,817,117,2,234,Western Australia
13-02-2021,157,87,276,95,1,95,Queensland
14-02-2021,158,16,381,94,3,282,New South Wales
14-02-2021,159,77,819,117,3,351,South Australia
14-02-2021,160,79,481,118,2,236,New South Wales
14-02-2021,161,88,770,91,2,182,Western Australia
14-02-2021,162,101,1119,115,3,345,South Australia
14-02-2021,163,115,984,106,1,106,Australian Capital Territory
14-02-2021,164,127,34,96,1,96,Western Australia
15-02-2021,165,121,58,104,1,104,Victoria
16-02-2021,166,110,818,117,1,117,Queensland
17-02-2021,167,97,1209,105,3,315,Australian Capital Territory
17-02-2021,168,168,439,107,1,107,Western Australia
17-02-2021,169,189,668,113,1,113,Western Australia
18-02-2021,170,110,891,94,1,94,Victoria
18-02-2021,171,154,630,93,2,186,Western Australia
18-02-2021,172,182,858,113,3,339,Northern Territory
19-02-2021,173,12,846,113,3,339,South Australia
19-02-2021,174,138,1065,93,1,93,Western Australia
19-02-2021,175,159,410,119,3,357,South Australia
19-02-2021,176,182,578,100,2,200,New South Wales
20-02-2021,177,27,302,105,2,210,Victoria
20-02-2021,178,82,239,106,3,318,Australian Capital Territory
20-02-2021,179,123,1065,93,2,186,Queensland
20-02-2021,180,160,94,118,1,118,Western Australia
21-02-2021,181,96,1123,102,1,102,Northern Territory
21-02-2021,182,126,678,113,1,113,Queensland
22-02-2021,183,37,809,117,3,351,Queensland
22-02-2021,184,39,621,112,2,224,Queensland
22-02-2021,185,95,415,119,3,357,Victoria
22-02-2021,186,193,1061,93,2,186,Western Australia
23-02-2021,187,16,28,96,1,96,Queensland
23-02-2021,188,172,683,113,3,339,Victoria
24-02-2021,189,96,1223,105,2,210,Western Australia
24-02-2021,190,103,740,109,3,327,Australian Capital Territory
24-02-2021,191,108,505,102,1,102,Northern Territory
25-02-2021,192,121,266,95,2,190,Tasmania
25-02-2021,193,131,535,98,1,98,Western Australia
25-02-2021,194,197,864,113,1,113,New South Wales
26-02-2021,195,9,708,119,1,119,New South Wales
26-02-2021,196,80,21,96,2,192,South Australia
26-02-2021,197,90,746,109,2,218,Western Australia
26-02-2021,198,180,272,95,1,95,Victoria
27-02-2021,199,13,1249,112,2,224,South Australia
27-02-2021,200,124,200,98,3,294,Australian Capital Territory
27-02-2021,201,182,525,98,1,98,Australian Capital Territory
28-02-2021,202,98,1103,115,1,115,Queensland
28-02-2021,203,143,1123,102,3,306,Australian Capital Territory
01-03-2021,204,61,1163,99,1,99,New South Wales
02-03-2021,205,120,11,96,2,192,South Australia
03-03-2021,206,32,1096,115,3,345,Queensland
03-03-2021,207,91,1045,90,3,270,Queensland
03-03-2021,208,120,395,119,3,357,South Australia
03-03-2021,209,172,1156,99,2,198,South Australia
04-03-2021,210,27,603,112,1,112,New South Wales
04-03-2021,211,101,643,93,3,279,New South Wales
04-03-2021,212,153,1188,99,3,297,Western Australia
04-03-2021,213,169,792,91,3,273,Western Australia
05-03-2021,214,66,163,91,3,273,Queensland
05-03-2021,215,117,462,118,3,354,New South Wales
05-03-2021,216,143,94,118,2,236,Northern Territory
06-03-2021,217,119,63,104,1,104,Australian Capital Territory
06-03-2021,218,142,843,113,2,226,Queensland
06-03-2021,219,183,709,119,2,238,Tasmania
07-03-2021,220,22,912,96,1,96,Western Australia
07-03-2021,221,71,1100,115,1,115,Australian Capital Territory
07-03-2021,222,99,1238,112,2,224,Tasmania
07-03-2021,223,164,1202,105,2,210,South Australia
07-03-2021,224,188,1246,112,3,336,New South Wales
08-03-2021,225,15,1212,105,2,210,Queensland
08-03-2021,226,20,85,118,3,354,Tasmania
08-03-2021,227,145,1138,102,1,102,Tasmania
09-03-2021,228,22,172,91,2,182,Northern Territory
09-03-2021,229,33,486,118,2,236,Australian Capital Territory
09-03-2021,230,36,636,93,3,279,Tasmania
09-03-2021,231,91,224,106,3,318,Northern Territory
09-03-2021,232,98,645,93,1,93,Northern Territory
09-03-2021,233,122,258,95,1,95,South Australia
09-03-2021,234,126,444,107,2,214,Victoria
09-03-2021,235,138,2,96,2,192,Tasmania
10-03-2021,236,18,285,105,1,105,New South Wales
10-03-2021,237,60,590,100,1,100,New South Wales
10-03-2021,238,135,654,93,2,186,Tasmania
10-03-2021,239,140,1130,102,3,306,Australian Capital Territory
11-03-2021,240,6,242,106,1,106,Victoria
11-03-2021,241,152,904,94,3,282,Queensland
11-03-2021,242,166,430,107,3,321,Queensland
12-03-2021,243,76,214,106,1,106,New South Wales
12-03-2021,244,153,542,98,3,294,Victoria
13-03-2021,245,16,17,96,2,192,Victoria
13-03-2021,246,76,1132,102,1,102,Tasmania
13-03-2021,247,82,757,109,1,109,Victoria
13-03-2021,248,84,191,98,2,196,Northern Territory
13-03-2021,249,96,1025,90,2,180,Victoria
13-03-2021,250,136,174,91,3,273,Queensland
14-03-2021,251,84,371,94,3,282,Australian Capital Territory
14-03-2021,252,164,275,95,2,190,Western Australia
14-03-2021,253,184,318,109,2,218,Northern Territory
14-03-2021,254,198,204,98,2,196,Queensland
15-03-2021,255,107,388,119,1,119,Western Australia
15-03-2021,256,141,733,119,3,357,Australian Capital Territory
15-03-2021,257,170,673,113,3,339,Australian Capital Territory
15-03-2021,258,186,759,109,2,218,Queensland
16-03-2021,259,17,132,92,2,184,New South Wales
16-03-2021,260,51,968,97,3,291,Tasmania
16-03-2021,261,60,913,96,1,96,Queensland
16-03-2021,262,95,1091,115,1,115,Northern Territory
16-03-2021,263,103,772,91,1,91,Western Australia
16-03-2021,264,122,616,112,1,112,Queensland
16-03-2021,265,177,207,98,1,98,Tasmania
17-03-2021,266,51,1071,93,2,186,New South Wales
17-03-2021,267,94,883,94,2,188,Western Australia
17-03-2021,268,113,172,91,3,273,South Australia
17-03-2021,269,166,217,106,2,212,New South Wales
18-03-2021,270,76,1158,99,1,99,Australian Capital Territory
18-03-2021,271,161,936,96,1,96,Northern Territory
19-03-2021,272,25,736,109,3,327,Victoria
19-03-2021,273,113,562,100,3,300,Northern Territory
19-03-2021,274,132,207,98,2,196,New South Wales
19-03-2021,275,160,1102,115,1,115,Queensland
19-03-2021,276,196,306,105,2,210,Victoria
20-03-2021,277,50,339,109,1,109,New South Wales
20-03-2021,278,124,32,96,3,288,Queensland
21-03-2021,279,117,405,119,2,238,Northern Territory
21-03-2021,280,158,257,95,2,190,New South Wales
22-03-2021,281,6,38,104,2,208,Queensland
22-03-2021,282,35,991,106,2,212,Australian Capital Territory
22-03-2021,283,37,995,106,3,318,New South Wales
22-03-2021,284,87,278,95,2,190,Northern Territory
22-03-2021,285,139,428,107,1,107,Western Australia
22-03-2021,286,164,8,96,1,96,Queensland
22-03-2021,287,169,468,118,3,354,Queensland
22-03-2021,288,171,314,105,2,210,Victoria
23-03-2021,289,1,691,113,3,339,Australian Capital Territory
23-03-2021,290,47,78,118,2,236,Tasmania
23-03-2021,291,74,311,105,2,210,Tasmania
23-03-2021,292,77,577,100,2,200,Victoria
23-03-2021,293,141,950,97,1,97,Tasmania
23-03-2021,294,179,360,94,2,188,South Australia
24-03-2021,295,98,982,106,3,318,New South Wales
24-03-2021,296,185,948,97,2,194,Victoria
25-03-2021,297,158,238,106,1,106,Australian Capital Territory
25-03-2021,298,180,1054,93,1,93,Queensland
26-03-2021,299,55,717,119,1,119,Victoria
26-03-2021,300,66,728,119,1,119,Western Australia
26-03-2021,301,83,88,118,1,118,South Australia
26-03-2021,302,90,19,96,2,192,New South Wales
26-03-2021,303,99,26,96,1,96,New South Wales
26-03-2021,304,177,976,97,3,291,Queensland
27-03-2021,305,160,878,94,2,188,Australian Capital Territory
28-03-2021,306,123,75,118,1,118,Queensland
28-03-2021,307,195,1212,105,2,210,Victoria
29-03-2021,308,3,6,96,2,192,Northern Territory
29-03-2021,309,20,514,102,3,306,Queensland
29-03-2021,310,100,373,94,2,188,New South Wales
29-03-2021,311,179,182,98,2,196,Northern Territory
29-03-2021,312,203,1170,99,2,198,New South Wales
30-03-2021,313,21,7,96,1,96,South Australia
30-03-2021,314,24,8,96,1,96,Victoria
30-03-2021,315,64,623,112,2,224,Australian Capital Territory
30-03-2021,316,79,947,97,1,97,Northern Territory
30-03-2021,317,135,106,92,1,92,Australian Capital Territory
30-03-2021,318,144,680,113,2,226,Western Australia
30-03-2021,319,201,451,107,2,214,Tasmania
31-03-2021,320,179,1235,112,1,112,Tasmania
31-03-2021,321,182,852,113,2,226,New South Wales
01-04-2021,322,28,1158,99,1,99,Western Australia
01-04-2021,323,81,55,104,3,312,South Australia
02-04-2021,324,134,185,98,2,196,Northern Territory
02-04-2021,325,193,63,104,3,312,South Australia
03-04-2021,326,132,658,93,3,279,Northern Territory
03-04-2021,327,145,472,118,3,354,Western Australia
03-04-2021,328,167,134,92,2,184,Western Australia
03-04-2021,329,187,95,118,3,354,Western Australia
03-04-2021,330,192,920,96,3,288,Victoria
04-04-2021,331,5,148,91,2,182,Northern Territory
04-04-2021,332,100,392,119,3,357,Northern Territory
04-04-2021,333,190,431,107,3,321,South Australia
05-04-2021,334,2,915,96,1,96,Queensland
05-04-2021,335,63,327,109,3,327,Australian Capital Territory
05-04-2021,336,72,71,118,2,236,Australian Capital Territory
06-04-2021,337,23,238,106,2,212,Western Australia
06-04-2021,338,39,631,93,3,279,New South Wales
06-04-2021,339,77,535,98,3,294,Queensland
06-04-2021,340,171,198,98,2,196,Northern Territory
07-04-2021,341,34,817,117,2,234,Victoria
07-04-2021,342,81,1175,99,1,99,Victoria
07-04-2021,343,124,647,93,1,93,Northern Territory
07-04-2021,344,200,992,106,1,106,South Australia
07-04-2021,345,205,502,102,2,204,Victoria
08-04-2021,346,13,800,91,2,182,Northern Territory
08-04-2021,347,30,407,119,2,238,Victoria
08-04-2021,348,176,642,93,1,93,Tasmania
09-04-2021,349,140,687,113,3,339,Australian Capital Territory
09-04-2021,350,177,1059,93,3,279,Victoria
09-04-2021,351,183,300,105,3,315,Victoria
10-04-2021,352,39,49,104,1,104,Queensland
10-04-2021,353,69,103,118,1,118,Queensland
10-04-2021,354,156,470,118,3,354,Victoria
10-04-2021,355,168,1037,90,3,270,Australian Capital Territory
11-04-2021,356,26,808,117,2,234,New South Wales
11-04-2021,357,87,174,91,2,182,Australian Capital Territory
11-04-2021,358,134,516,102,2,204,Northern Territory
11-04-2021,359,160,437,107,2,214,Victoria
11-04-2021,360,176,24,96,3,288,Northern Territory
11-04-2021,361,179,788,91,3,273,South Australia
12-04-2021,362,2,686,113,1,113,Queensland
13-04-2021,363,27,1027,90,3,270,Queensland
13-04-2021,364,40,688,113,3,339,New South Wales
13-04-2021,365,61,316,109,2,218,Tasmania
13-04-2021,366,78,1001,106,2,212,Victoria
14-04-2021,367,76,452,107,1,107,South Australia
14-04-2021,368,80,978,97,2,194,Australian Capital Territory
14-04-2021,369,82,1042,90,3,270,Australian Capital Territory
14-04-2021,370,134,770,91,1,91,Australian Capital Territory
14-04-2021,371,203,1104,115,3,345,Queensland
15-04-2021,372,42,1225,112,1,112,South Australia
15-04-2021,373,103,549,98,2,196,Australian Capital Territory
16-04-2021,374,11,780,91,3,273,New South Wales
16-04-2021,375,14,227,106,3,318,Northern Territory
16-04-2021,376,45,1258,112,1,112,South Australia
17-04-2021,377,28,922,96,2,192,Queensland
17-04-2021,378,147,1250,112,1,112,New South Wales
17-04-2021,379,187,644,93,3,279,Queensland
18-04-2021,380,129,1026,90,2,180,Northern Territory
18-04-2021,381,166,743,109,1,109,Western Australia
18-04-2021,382,195,495,102,3,306,Victoria
19-04-2021,383,16,578,100,2,200,Victoria
19-04-2021,384,120,560,100,1,100,Queensland
20-04-2021,385,89,271,95,1,95,Queensland
20-04-2021,386,183,513,102,3,306,Tasmania
20-04-2021,387,194,371,94,1,94,Victoria
21-04-2021,388,11,877,94,2,188,Northern Territory
21-04-2021,389,27,430,107,1,107,South Australia
22-04-2021,390,13,217,106,2,212,Western Australia
22-04-2021,391,128,1002,106,2,212,Australian Capital Territory
23-04-2021,392,73,467,118,3,354,Australian Capital Territory
23-04-2021,393,176,124,92,1,92,Queensland
23-04-2021,394,200,135,92,2,184,Tasmania
24-04-2021,395,108,685,113,2,226,Northern Territory
24-04-2021,396,200,842,113,3,339,Queensland
25-04-2021,397,5,635,93,3,279,Australian Capital Territory
25-04-2021,398,13,95,118,3,354,Western Australia
25-04-2021,399,26,154,91,3,273,Western Australia
25-04-2021,400,35,527,98,1,98,Tasmania
25-04-2021,401,70,593,100,1,100,Western Australia
25-04-2021,402,97,541,98,1,98,Tasmania
25-04-2021,403,113,1030,90,2,180,Western Australia
25-04-2021,404,175,381,94,3,282,Australian Capital Territory
25-04-2021,405,180,1058,93,2,186,New South Wales
26-04-2021,406,17,791,91,2,182,Victoria
26-04-2021,407,123,958,97,2,194,Queensland
27-04-2021,408,103,9,96,2,192,Australian Capital Territory
27-04-2021,409,107,882,94,1,94,Australian Capital Territory
28-04-2021,410,143,740,109,2,218,Victoria
28-04-2021,411,161,63,104,3,312,Tasmania
28-04-2021,412,192,990,106,3,318,South Australia
29-04-2021,413,20,681,113,1,113,Queensland
29-04-2021,414,27,823,117,1,117,Queensland
29-04-2021,415,64,680,113,2,226,South Australia
29-04-2021,416,118,360,94,1,94,New South Wales
29-04-2021,417,146,610,112,3,336,Tasmania
29-04-2021,418,171,520,102,2,204,Australian Capital Territory
30-04-2021,419,41,730,119,1,119,Queensland
30-04-2021,420,76,1083,93,2,186,Tasmania
30-04-2021,421,100,1083,93,2,186,Australian Capital Territory
30-04-2021,422,123,361,94,3,282,Queensland
01-05-2021,423,2,1091,115,3,345,South Australia
01-05-2021,424,128,814,117,3,351,Western Australia
01-05-2021,425,154,1043,90,1,90,Northern Territory
02-05-2021,426,50,1098,115,3,345,Victoria
02-05-2021,427,79,499,102,1,102,Queensland
02-05-2021,428,164,425,107,3,321,Australian Capital Territory
02-05-2021,429,169,526,98,3,294,Tasmania
03-05-2021,430,93,1247,112,3,336,New South Wales
04-05-2021,431,88,126,92,1,92,Victoria
04-05-2021,432,143,1083,93,1,93,Victoria
05-05-2021,433,107,349,109,2,218,Tasmania
05-05-2021,434,165,679,113,1,113,Western Australia
05-05-2021,435,185,411,119,2,238,South Australia
05-05-2021,436,204,649,93,1,93,South Australia
06-05-2021,437,1,1002,106,2,212,Australian Capital Territory
06-05-2021,438,53,92,118,1,118,Western Australia
06-05-2021,439,89,545,98,1,98,Victoria
07-05-2021,440,21,906,94,2,188,Queensland
07-05-2021,441,120,1231,112,1,112,Western Australia
08-05-2021,442,44,1076,93,1,93,New South Wales
08-05-2021,443,137,1137,102,1,102,Victoria
09-05-2021,444,45,476,118,1,118,Western Australia
09-05-2021,445,123,108,92,2,184,Victoria
09-05-2021,446,124,352,94,2,188,Tasmania
09-05-2021,447,156,1253,112,1,112,New South Wales
09-05-2021,448,171,785,91,1,91,Queensland
09-05-2021,449,187,66,104,1,104,Northern Territory
10-05-2021,450,128,185,98,1,98,New South Wales
10-05-2021,451,178,1023,90,1,90,Australian Capital Territory
11-05-2021,452,75,571,100,2,200,New South Wales
11-05-2021,453,97,307,105,3,315,Tasmania
11-05-2021,454,159,118,92,2,184,New South Wales
12-05-2021,455,76,842,113,2,226,Northern Territory
12-05-2021,456,150,234,106,2,212,Queensland
13-05-2021,457,16,273,95,1,95,Victoria
13-05-2021,458,54,512,102,2,204,Queensland
13-05-2021,459,129,872,113,2,226,New South Wales
13-05-2021,460,152,1230,112,1,112,Victoria
15-05-2021,461,16,7,96,3,288,Australian Capital Territory
15-05-2021,462,28,803,91,2,182,South Australia
16-05-2021,463,5,639,93,3,279,Australian Capital Territory
16-05-2021,464,81,142,91,1,91,South Australia
16-05-2021,465,89,549,98,1,98,Victoria
16-05-2021,466,113,640,93,1,93,South Australia
16-05-2021,467,131,517,102,1,102,South Australia
16-05-2021,468,159,172,91,2,182,Tasmania
16-05-2021,469,165,700,119,1,119,New South Wales
17-05-2021,470,5,1,96,3,288,Western Australia
17-05-2021,471,42,866,113,1,113,New South Wales
18-05-2021,472,136,816,117,2,234,Queensland
18-05-2021,473,196,1053,93,3,279,South Australia
19-05-2021,474,86,572,100,2,200,South Australia
19-05-2021,475,104,1066,93,1,93,Tasmania
19-05-2021,476,148,220,106,3,318,South Australia
20-05-2021,477,181,463,118,1,118,Northern Territory
21-05-2021,478,35,1043,90,1,90,Northern Territory
21-05-2021,479,103,159,91,1,91,Western Australia
21-05-2021,480,112,1245,112,1,112,Australian Capital Territory
22-05-2021,481,15,291,105,2,210,Western Australia
22-05-2021,482,30,1167,99,1,99,Queensland
22-05-2021,483,59,682,113,2,226,Tasmania
22-05-2021,484,98,1022,90,2,180,Australian Capital Territory
22-05-2021,485,138,518,102,3,306,Australian Capital Territory
22-05-2021,486,198,1259,112,2,224,Northern Territory
23-05-2021,487,7,1162,99,3,297,Victoria
23-05-2021,488,112,259,95,1,95,Tasmania
23-05-2021,489,128,787,91,2,182,New South Wales
23-05-2021,490,139,1110,115,3,345,New South Wales
24-05-2021,491,28,2,96,2,192,Victoria
24-05-2021,492,112,884,94,3,282,Queensland
25-05-2021,493,77,672,113,1,113,Victoria
25-05-2021,494,139,521,102,2,204,Queensland
26-05-2021,495,42,330,109,1,109,New South Wales
26-05-2021,496,124,137,92,3,276,South Australia
26-05-2021,497,156,1155,99,2,198,Northern Territory
26-05-2021,498,157,918,96,3,288,Victoria
27-05-2021,499,88,407,119,1,119,Australian Capital Territory
27-05-2021,500,104,385,119,1,119,Western Australia
28-05-2021,501,5,475,118,2,236,Tasmania
28-05-2021,502,121,920,96,2,192,Australian Capital Territory
29-05-2021,503,38,503,102,1,102,New South Wales
29-05-2021,504,78,733,119,3,357,Northern Territory
30-05-2021,505,10,860,113,2,226,Tasmania
31-05-2021,506,178,593,100,1,100,Australian Capital Territory
01-06-2021,507,96,345,109,2,218,New South Wales
02-06-2021,508,153,1235,112,3,336,Northern Territory
02-06-2021,509,175,1207,105,3,315,Western Australia
03-06-2021,510,180,1245,112,1,112,Queensland
03-06-2021,511,176,1095,115,3,345,Queensland
04-06-2021,512,31,1071,93,1,93,Victoria
04-06-2021,513,50,429,107,1,107,Australian Capital Territory
04-06-2021,514,90,50,104,3,312,Tasmania
05-06-2021,515,95,426,107,2,214,Tasmania
05-06-2021,516,87,98,118,3,354,Victoria
05-06-2021,517,111,1091,115,1,115,Tasmania
06-06-2021,518,161,517,102,2,204,South Australia
06-06-2021,519,43,586,100,1,100,New South Wales
06-06-2021,520,68,64,104,1,104,Victoria
06-06-2021,521,77,81,118,3,354,Australian Capital Territory
07-06-2021,522,82,599,112,2,224,Queensland
07-06-2021,523,132,1227,112,2,224,Tasmania
07-06-2021,524,140,701,119,3,357,South Australia
07-06-2021,525,193,762,109,1,109,Victoria
09-06-2021,526,194,179,98,3,294,South Australia
09-06-2021,527,108,707,119,3,357,Queensland
10-06-2021,528,168,1112,115,3,345,South Australia
10-06-2021,529,201,1085,115,2,230,Queensland
11-06-2021,530,134,1194,105,1,105,New South Wales
11-06-2021,531,145,623,112,3,336,Australian Capital Territory
12-06-2021,532,153,989,106,2,212,New South Wales
12-06-2021,533,156,719,119,1,119,Northern Territory
12-06-2021,534,161,48,104,2,208,Western Australia
13-06-2021,535,48,960,97,1,97,New South Wales
13-06-2021,536,145,655,93,2,186,Western Australia
13-06-2021,537,167,217,106,1,106,South Australia
13-06-2021,538,12,180,98,1,98,Victoria
13-06-2021,539,39,338,109,2,218,Western Australia
14-06-2021,540,61,710,119,3,357,Queensland
14-06-2021,541,78,1086,115,2,230,New South Wales
15-06-2021,542,104,1098,115,2,230,Western Australia
15-06-2021,543,1,2,96,3,288,Queensland
15-06-2021,544,49,773,91,1,91,Victoria
15-06-2021,545,79,1244,112,3,336,Tasmania
15-06-2021,546,95,1168,99,3,297,Northern Territory
16-06-2021,547,160,117,92,1,92,New South Wales
17-06-2021,548,165,1029,90,1,90,Tasmania
17-06-2021,549,98,943,96,1,96,New South Wales
17-06-2021,550,100,138,92,3,276,Western Australia
18-06-2021,551,44,595,112,1,112,Western Australia
18-06-2021,552,47,664,93,2,186,Northern Territory
18-06-2021,553,143,387,119,1,119,Northern Territory
18-06-2021,554,189,179,98,2,196,Victoria
18-06-2021,555,69,1210,105,2,210,Victoria
18-06-2021,556,165,118,92,2,184,Queensland
19-06-2021,557,178,307,105,1,105,Tasmania
19-06-2021,558,182,408,119,2,238,Victoria
19-06-2021,559,184,31,96,2,192,Australian Capital Territory
19-06-2021,560,198,172,91,3,273,Victoria
19-06-2021,561,144,698,113,1,113,Victoria
20-06-2021,562,187,771,91,2,182,New South Wales
20-06-2021,563,28,730,119,1,119,New South Wales
20-06-2021,564,52,491,102,3,306,Western Australia
20-06-2021,565,66,847,113,1,113,New South Wales
20-06-2021,566,112,1166,99,1,99,New South Wales
20-06-2021,567,134,407,119,2,238,Northern Territory
20-06-2021,568,168,605,112,2,224,South Australia
20-06-2021,569,45,705,119,3,357,Victoria
20-06-2021,570,191,74,118,1,118,Tasmania
20-06-2021,571,2,1196,105,1,105,Victoria
21-06-2021,572,3,54,104,1,104,Western Australia
21-06-2021,573,105,929,96,1,96,New South Wales
21-06-2021,574,200,964,97,2,194,New South Wales
21-06-2021,575,69,1059,93,1,93,South Australia
21-06-2021,576,194,25,96,1,96,Northern Territory
21-06-2021,577,33,322,109,3,327,Australian Capital Territory
21-06-2021,578,94,212,106,2,212,South Australia
21-06-2021,579,29,907,94,3,282,Victoria
21-06-2021,580,76,1067,93,3,279,South Australia
22-06-2021,581,182,705,119,2,238,New South Wales
22-06-2021,582,54,974,97,2,194,Tasmania
22-06-2021,583,118,99,118,1,118,Northern Territory
22-06-2021,584,128,674,113,3,339,Australian Capital Territory
22-06-2021,585,152,897,94,1,94,New South Wales
22-06-2021,586,175,66,104,1,104,Northern Territory
23-06-2021,587,201,974,97,3,291,South Australia
23-06-2021,588,95,1167,99,2,198,Victoria
23-06-2021,589,97,856,113,3,339,Victoria
23-06-2021,590,132,420,107,1,107,Queensland
24-06-2021,591,33,1173,99,3,297,South Australia
25-06-2021,592,57,808,117,1,117,Victoria
25-06-2021,593,90,641,93,1,93,Northern Territory
25-06-2021,594,101,1216,105,1,105,New South Wales
26-06-2021,595,158,975,97,2,194,South Australia
26-06-2021,596,19,347,109,2,218,Queensland
27-06-2021,597,20,596,112,2,224,Western Australia
27-06-2021,598,28,19,96,2,192,Australian Capital Territory
28-06-2021,599,41,1012,106,1,106,Queensland
29-06-2021,600,66,942,96,1,96,Western Australia
29-06-2021,601,169,928,96,2,192,Western Australia
29-06-2021,602,40,479,118,3,354,South Australia
29-06-2021,603,49,40,104,3,312,Australian Capital Territory
29-06-2021,604,100,458,118,2,236,Queensland
30-06-2021,605,109,586,100,1,100,Queensland
30-06-2021,606,151,772,91,1,91,Australian Capital Territory
30-06-2021,607,153,769,109,3,327,New South Wales
30-06-2021,608,4,769,109,1,109,Queensland
30-06-2021,609,123,616,112,1,112,Australian Capital Territory
01-07-2021,610,143,837,117,1,117,Northern Territory
01-07-2021,611,94,458,118,3,354,Australian Capital Territory
01-07-2021,612,111,660,93,,279,New South Wales
01-07-2021,613,123,724,119,2,238,Australian Capital Territory
02-07-2021,614,138,51,104,2,208,Tasmania
02-07-2021,615,172,706,119,3,357,Queensland
03-07-2021,200,124,200,98,3,294,Australian Capital Territory
03-07-2021,201,182,525,98,1,98,Australian Capital Territory
04-07-2021,202,98,1103,115,1,115,Queensland
04-07-2021,203,143,1123,102,3,306,Australian Capital Territory
04-07-2021,204,61,1163,99,1,99,New South Wales
04-07-2021,205,120,11,96,2,192,South Australia
04-07-2021,206,32,1096,115,3,345,Queensland
05-07-2021,207,91,1045,90,3,270,Queensland
05-07-2021,208,120,395,119,3,357,South Australia
05-07-2021,209,172,1156,99,2,198,South Australia
05-07-2021,210,27,603,112,1,112,New South Wales
06-07-2021,211,101,643,93,3,279,New South Wales
06-07-2021,212,153,1188,99,3,297,Western Australia
06-07-2021,213,169,792,91,3,273,Western Australia
06-07-2021,214,66,163,91,3,273,Queensland
07-07-2021,215,117,462,118,3,354,New South Wales
07-07-2021,216,143,94,118,2,236,Northern Territory
07-07-2021,217,119,63,104,1,104,Australian Capital Territory
07-07-2021,218,142,843,113,2,226,Queensland
07-07-2021,219,183,709,119,2,238,Tasmania
07-07-2021,220,22,912,96,1,96,Western Australia
07-07-2021,221,71,1100,115,1,115,Australian Capital Territory
07-07-2021,222,99,1238,112,2,224,Tasmania
07-07-2021,223,164,1202,105,2,210,South Australia
08-07-2021,224,188,1246,112,3,336,New South Wales
08-07-2021,225,15,1212,105,2,210,Queensland
09-07-2021,226,20,85,118,3,354,Tasmania
09-07-2021,227,145,1138,102,1,102,Tasmania
09-07-2021,228,22,172,91,2,182,Northern Territory
09-07-2021,229,33,486,118,2,236,Australian Capital Territory
10-07-2021,230,36,636,93,3,279,Tasmania
11-07-2021,231,91,224,106,3,318,Northern Territory
12-07-2021,232,98,645,93,1,93,Northern Territory
12-07-2021,233,122,258,95,1,95,South Australia
12-07-2021,234,126,444,107,2,214,Victoria
13-07-2021,235,138,2,96,2,192,Tasmania
13-07-2021,236,18,285,105,1,105,New South Wales
13-07-2021,237,60,590,100,1,100,New South Wales
13-07-2021,238,135,654,93,2,186,Tasmania
14-07-2021,239,140,1130,102,3,306,Australian Capital Territory
14-07-2021,240,6,242,106,1,106,Victoria
14-07-2021,241,152,904,94,3,282,Queensland
15-07-2021,242,166,430,107,3,321,Queensland
15-07-2021,243,76,214,106,1,106,New South Wales
15-07-2021,244,153,542,98,3,294,Victoria
15-07-2021,245,16,17,96,2,192,Victoria
15-07-2021,246,76,1132,102,1,102,Tasmania
15-07-2021,247,82,757,109,1,109,Victoria
15-07-2021,248,84,191,98,2,196,Northern Territory
16-07-2021,249,96,1025,90,2,180,Victoria
16-07-2021,250,136,174,91,3,273,Queensland
16-07-2021,251,84,371,94,3,282,Australian Capital Territory
16-07-2021,252,164,275,95,2,190,Western Australia
16-07-2021,253,184,318,109,2,218,Northern Territory
16-07-2021,254,198,204,98,2,196,Queensland
17-07-2021,255,107,388,119,1,119,Western Australia
17-07-2021,256,141,733,119,3,357,Australian Capital Territory
17-07-2021,257,170,673,113,3,339,Australian Capital Territory
17-07-2021,258,186,759,109,2,218,Queensland
17-07-2021,259,17,132,92,2,184,New South Wales
17-07-2021,260,51,968,97,3,291,Tasmania
18-07-2021,261,60,913,96,1,96,Queensland
18-07-2021,262,95,1091,115,1,115,Northern Territory
18-07-2021,263,103,772,91,1,91,Western Australia
19-07-2021,264,122,616,112,1,112,Queensland
19-07-2021,265,177,207,98,1,98,Tasmania
19-07-2021,266,51,1071,93,2,186,New South Wales
20-07-2021,267,94,883,94,2,188,Western Australia
20-07-2021,268,113,172,91,3,273,South Australia
20-07-2021,269,166,217,106,2,212,New South Wales
21-07-2021,270,76,1158,99,1,99,Australian Capital Territory
21-07-2021,271,161,936,96,1,96,Northern Territory
22-07-2021,272,25,736,109,3,327,Victoria
22-07-2021,273,113,562,100,3,300,Northern Territory
22-07-2021,274,132,207,98,2,196,New South Wales
22-07-2021,275,160,1102,115,1,115,Queensland
23-07-2021,276,196,306,105,2,210,Victoria
24-07-2021,277,50,339,109,1,109,New South Wales
24-07-2021,278,124,32,96,3,288,Queensland
24-07-2021,279,117,405,119,2,238,Northern Territory
24-07-2021,280,158,257,95,2,190,New South Wales
25-07-2021,281,6,38,104,2,208,Queensland
25-07-2021,282,35,991,106,2,212,Australian Capital Territory
25-07-2021,283,37,995,106,3,318,New South Wales
26-07-2021,284,87,278,95,2,190,Northern Territory
26-07-2021,285,139,428,107,1,107,Western Australia
27-07-2021,286,164,8,96,1,96,Queensland
28-07-2021,287,169,468,118,3,354,Queensland
28-07-2021,288,171,314,105,2,210,Victoria
28-07-2021,289,1,691,113,3,339,Australian Capital Territory
29-07-2021,290,47,78,118,2,236,Tasmania
30-07-2021,291,74,311,105,2,210,Tasmania
30-07-2021,292,77,577,100,2,200,Victoria
31-07-2021,293,141,950,97,1,97,Tasmania
31-07-2021,294,179,360,94,2,188,South Australia
31-07-2021,295,98,982,106,3,318,New South Wales
31-07-2021,296,185,948,97,2,194,Victoria
31-07-2021,297,158,238,106,1,106,Australian Capital Territory
31-07-2021,298,180,1054,93,1,93,Queensland
01-08-2021,715,66,465,118,2,236,Tasmania
01-08-2021,716,131,215,106,3,318,South Australia
01-08-2021,717,168,19,96,1,96,Victoria
01-08-2021,718,180,50,104,3,312,South Australia
02-08-2021,719,77,390,119,3,357,Queensland
02-08-2021,720,167,930,96,1,96,South Australia
02-08-2021,721,191,130,92,2,184,Queensland
02-08-2021,722,202,182,98,3,294,New South Wales
03-08-2021,723,47,823,117,2,234,Australian Capital Territory
03-08-2021,724,81,143,91,3,273,New South Wales
03-08-2021,725,107,39,104,2,208,Northern Territory
04-08-2021,726,93,1259,112,3,336,Western Australia
04-08-2021,727,119,551,98,2,196,New South Wales
04-08-2021,728,126,613,112,2,224,Western Australia
04-08-2021,729,128,322,109,2,218,South Australia
04-08-2021,730,172,574,100,3,300,Victoria
04-08-2021,731,185,469,118,2,236,Western Australia
05-08-2021,732,18,1110,115,3,345,Queensland
05-08-2021,733,66,901,94,2,188,New South Wales
05-08-2021,734,194,71,118,3,354,Western Australia
06-08-2021,735,134,653,93,3,279,Queensland
06-08-2021,736,144,295,105,3,315,Victoria
06-08-2021,737,161,525,98,3,294,Tasmania
07-08-2021,738,56,610,112,3,336,Northern Territory
07-08-2021,739,133,942,96,2,192,New South Wales
08-08-2021,740,25,593,100,2,200,Tasmania
08-08-2021,741,32,22,96,3,288,New South Wales
08-08-2021,742,88,86,118,2,236,Western Australia
09-08-2021,743,57,1078,93,2,186,Western Australia
09-08-2021,744,92,434,107,3,321,Northern Territory
10-08-2021,745,45,1253,112,2,224,Northern Territory
10-08-2021,746,108,394,119,3,357,Victoria
10-08-2021,747,176,1028,90,1,90,Victoria
11-08-2021,748,169,722,119,2,238,Queensland
11-08-2021,749,176,704,119,1,119,Tasmania
12-08-2021,750,183,359,94,2,188,Victoria
13-08-2021,751,100,470,118,1,118,Australian Capital Territory
13-08-2021,752,128,240,106,3,318,Victoria
13-08-2021,753,161,1177,99,2,198,Victoria
14-08-2021,754,15,1195,105,3,315,New South Wales
14-08-2021,755,72,548,98,2,196,New South Wales
14-08-2021,756,91,371,94,1,94,Western Australia
14-08-2021,757,123,553,98,2,196,New South Wales
15-08-2021,758,186,642,93,2,186,New South Wales
16-08-2021,759,58,1073,93,3,279,Northern Territory
16-08-2021,760,77,782,91,3,273,South Australia
16-08-2021,761,140,955,97,1,97,Victoria
16-08-2021,762,171,444,107,3,321,Tasmania
16-08-2021,763,182,792,91,3,273,Victoria
17-08-2021,764,36,37,104,2,208,Western Australia
17-08-2021,765,74,507,102,2,204,New South Wales
17-08-2021,766,97,545,98,1,98,New South Wales
17-08-2021,767,111,306,105,1,105,South Australia
17-08-2021,768,202,860,113,1,113,Northern Territory
18-08-2021,769,97,1183,99,1,99,Australian Capital Territory
18-08-2021,770,138,383,94,2,188,South Australia
18-08-2021,771,152,246,95,1,95,Victoria
18-08-2021,772,172,1245,112,3,336,South Australia
19-08-2021,773,5,695,113,1,113,New South Wales
19-08-2021,774,104,927,96,3,288,Tasmania
19-08-2021,775,110,1144,102,1,102,Northern Territory
19-08-2021,776,136,582,100,3,300,Australian Capital Territory
20-08-2021,777,37,608,112,2,224,New South Wales
20-08-2021,778,99,353,94,2,188,Northern Territory
20-08-2021,779,106,1105,115,3,345,South Australia
20-08-2021,780,117,765,109,1,109,Victoria
20-08-2021,781,127,328,109,2,218,Victoria
20-08-2021,782,196,948,97,2,194,Queensland
21-08-2021,783,163,153,91,2,182,South Australia
22-08-2021,784,8,256,95,2,190,Victoria
22-08-2021,785,73,1014,106,1,106,Northern Territory
22-08-2021,786,73,1188,99,3,297,New South Wales
22-08-2021,787,112,401,119,2,238,South Australia
22-08-2021,788,192,390,119,3,357,Queensland
23-08-2021,789,113,153,91,2,182,Western Australia
23-08-2021,790,121,60,104,2,208,Australian Capital Territory
23-08-2021,791,186,1038,90,1,90,Queensland
23-08-2021,792,187,129,92,3,276,Western Australia
24-08-2021,793,16,934,96,1,96,Western Australia
24-08-2021,794,42,978,97,2,194,South Australia
24-08-2021,795,77,1221,105,1,105,Australian Capital Territory
24-08-2021,796,95,497,102,2,204,Queensland
24-08-2021,797,98,431,107,2,214,Queensland
24-08-2021,798,194,954,97,1,97,Australian Capital Territory
25-08-2021,799,52,14,96,2,192,New South Wales
25-08-2021,800,97,476,118,1,118,Queensland
25-08-2021,801,100,471,118,2,236,Australian Capital Territory
25-08-2021,802,141,805,117,3,351,Northern Territory
26-08-2021,803,18,970,97,3,291,Australian Capital Territory
26-08-2021,804,30,325,109,2,218,New South Wales
26-08-2021,805,73,70,118,2,236,Australian Capital Territory
26-08-2021,806,185,360,94,3,282,Tasmania
26-08-2021,807,199,1057,93,3,279,Queensland
28-08-2021,808,66,672,113,2,226,Western Australia
28-08-2021,809,149,931,96,1,96,Tasmania
28-08-2021,810,153,698,113,1,113,Australian Capital Territory
29-08-2021,811,84,1074,93,1,93,Tasmania
29-08-2021,812,154,174,91,1,91,Western Australia
30-08-2021,813,1,218,106,2,212,New South Wales
30-08-2021,814,4,923,96,3,288,Northern Territory
30-08-2021,815,31,484,118,2,236,South Australia
30-08-2021,816,108,155,91,3,273,Victoria
30-08-2021,817,127,542,98,1,98,Tasmania
30-08-2021,818,130,250,95,1,95,Western Australia
31-08-2021,819,8,765,109,1,109,Queensland
31-08-2021,820,41,579,100,3,300,Queensland
31-08-2021,821,50,457,118,3,354,Australian Capital Territory
01-09-2021,822,148,779,91,3,273,South Australia
01-09-2021,823,177,257,95,2,190,Queensland
02-09-2021,824,19,809,117,3,351,Tasmania
02-09-2021,825,23,809,117,3,351,Tasmania
02-09-2021,826,53,56,104,1,104,Western Australia
02-09-2021,827,68,78,118,1,118,Tasmania
02-09-2021,828,83,588,100,1,100,Queensland
02-09-2021,829,163,563,100,3,300,Victoria
03-09-2021,830,50,1051,93,2,186,South Australia
03-09-2021,831,120,340,109,2,218,South Australia
03-09-2021,832,124,563,100,1,100,Australian Capital Territory
04-09-2021,833,5,830,117,3,351,Western Australia
04-09-2021,834,64,1012,106,1,106,New South Wales
04-09-2021,835,199,249,95,3,285,South Australia
05-09-2021,836,34,775,91,3,273,Queensland
05-09-2021,837,170,899,94,2,188,Northern Territory
06-09-2021,838,29,633,93,1,93,New South Wales
06-09-2021,839,90,134,92,3,276,Northern Territory
06-09-2021,840,172,413,119,1,119,Western Australia
07-09-2021,841,10,325,109,3,327,Western Australia
08-09-2021,842,47,777,91,1,91,Western Australia
08-09-2021,843,88,862,113,3,339,South Australia
08-09-2021,844,114,965,97,2,194,South Australia
08-09-2021,845,124,1199,105,2,210,South Australia
08-09-2021,846,133,523,102,1,102,Victoria
09-09-2021,847,1,981,106,3,318,Western Australia
09-09-2021,848,66,947,97,3,291,Victoria
10-09-2021,849,56,469,118,1,118,New South Wales
10-09-2021,850,162,896,94,1,94,New South Wales
11-09-2021,851,60,203,98,3,294,Australian Capital Territory
11-09-2021,852,67,798,91,2,182,Tasmania
11-09-2021,853,103,78,118,3,354,New South Wales
11-09-2021,854,111,186,98,1,98,Victoria
11-09-2021,855,193,396,119,2,238,Tasmania
12-09-2021,856,72,596,112,2,224,Northern Territory
13-09-2021,857,20,1114,115,1,115,Western Australia
13-09-2021,858,114,922,96,2,192,Northern Territory
14-09-2021,859,36,831,117,2,234,New South Wales
14-09-2021,860,45,1037,90,2,180,Australian Capital Territory
14-09-2021,861,95,444,107,1,107,Queensland
14-09-2021,862,140,575,100,1,100,Tasmania
14-09-2021,863,157,493,102,2,204,Australian Capital Territory
15-09-2021,864,39,148,91,3,273,Victoria
15-09-2021,865,108,1193,105,3,315,Victoria
15-09-2021,866,127,539,98,3,294,South Australia
15-09-2021,867,154,347,109,1,109,Tasmania
16-09-2021,868,12,632,93,2,186,Western Australia
16-09-2021,869,91,498,102,3,306,South Australia
16-09-2021,870,114,260,95,2,190,Queensland
16-09-2021,871,119,911,96,1,96,Western Australia
16-09-2021,872,161,1041,90,2,180,New South Wales
16-09-2021,873,174,634,93,3,279,Western Australia
17-09-2021,874,77,878,94,3,282,Western Australia
17-09-2021,875,175,890,94,3,282,Western Australia
18-09-2021,876,50,1033,90,3,270,Northern Territory
19-09-2021,877,121,568,100,2,200,Northern Territory
19-09-2021,878,140,533,98,2,196,Victoria
19-09-2021,879,152,1188,99,2,198,Australian Capital Territory
19-09-2021,880,196,239,106,3,318,Tasmania
20-09-2021,881,28,684,113,3,339,Australian Capital Territory
20-09-2021,882,159,209,98,2,196,South Australia
22-09-2021,883,3,1010,106,2,212,South Australia
22-09-2021,884,182,60,104,2,208,Northern Territory
23-09-2021,885,94,1073,93,3,279,South Australia
23-09-2021,886,115,249,95,3,285,Northern Territory
23-09-2021,887,127,384,94,3,282,Victoria
23-09-2021,888,201,486,118,1,118,Northern Territory
24-09-2021,889,142,932,96,3,288,Northern Territory
24-09-2021,890,175,1052,93,1,93,New South Wales
24-09-2021,891,180,1184,99,1,99,Western Australia
25-09-2021,892,44,1127,102,2,204,Australian Capital Territory
25-09-2021,893,65,1184,99,3,297,Western Australia
25-09-2021,894,113,533,98,1,98,New South Wales
25-09-2021,895,170,345,109,1,109,Queensland
25-09-2021,896,179,449,107,3,321,South Australia
26-09-2021,897,37,605,112,3,336,Queensland
26-09-2021,898,39,916,96,1,96,New South Wales
26-09-2021,899,56,968,97,2,194,South Australia
26-09-2021,900,96,345,109,2,218,Tasmania
26-09-2021,901,153,1235,112,3,336,Victoria
26-09-2021,902,175,1207,105,3,315,Tasmania
26-09-2021,903,180,1245,112,1,112,New South Wales
27-09-2021,904,176,1095,115,3,345,Tasmania
28-09-2021,905,31,1071,93,1,93,Victoria
28-09-2021,906,50,429,107,1,107,Australian Capital Territory
28-09-2021,907,90,50,104,3,312,South Australia
28-09-2021,908,95,426,107,2,214,Queensland
29-09-2021,909,87,98,118,3,354,Tasmania
29-09-2021,910,111,1091,115,1,115,New South Wales
29-09-2021,911,161,517,102,2,204,Northern Territory
30-09-2021,912,43,586,100,1,100,Tasmania
30-09-2021,913,68,64,104,1,104,New South Wales
30-09-2021,914,77,81,118,3,354,South Australia
30-09-2021,915,82,599,112,2,224,Australian Capital Territory
30-09-2021,916,132,1227,112,2,224,Australian Capital Territory
30-09-2021,917,140,701,119,3,357,Western Australia
30-09-2021,918,193,762,109,1,109,Australian Capital Territory
30-09-2021,919,194,179,98,3,294,Queensland
01-10-2021,920,108,707,119,3,357,Northern Territory
02-10-2021,921,168,1112,115,3,345,Australian Capital Territory
02-10-2021,922,201,1085,115,2,230,Victoria
03-10-2021,923,134,1194,105,1,105,Australian Capital Territory
03-10-2021,924,145,623,112,3,336,Queensland
03-10-2021,925,153,989,106,2,212,New South Wales
03-10-2021,926,156,719,119,1,119,Northern Territory
03-10-2021,927,161,48,104,2,208,Victoria
04-10-2021,928,48,960,97,1,97,Australian Capital Territory
05-10-2021,929,145,655,93,2,186,Northern Territory
05-10-2021,930,167,217,106,1,106,Tasmania
06-10-2021,931,12,180,98,1,98,Queensland
06-10-2021,932,39,338,109,2,218,Western Australia
07-10-2021,933,61,710,119,3,357,South Australia
07-10-2021,934,78,1086,115,2,230,Northern Territory
07-10-2021,935,104,1098,115,2,230,New South Wales
08-10-2021,936,1,2,96,3,288,Australian Capital Territory
08-10-2021,937,49,773,91,1,91,New South Wales
08-10-2021,938,79,1244,112,3,336,Northern Territory
08-10-2021,939,95,1168,99,3,297,Australian Capital Territory
08-10-2021,940,160,117,92,1,92,Tasmania
08-10-2021,941,165,1029,90,1,90,New South Wales
09-10-2021,942,98,943,96,1,96,Victoria
09-10-2021,943,100,138,92,3,276,South Australia
10-10-2021,944,44,595,112,1,112,Victoria
10-10-2021,945,47,664,93,2,186,Australian Capital Territory
10-10-2021,946,143,387,119,1,119,Queensland
10-10-2021,947,189,179,98,2,196,New South Wales
11-10-2021,948,69,1210,105,2,210,Tasmania
11-10-2021,949,165,118,92,2,184,Australian Capital Territory
11-10-2021,950,178,307,105,1,105,Victoria
11-10-2021,951,182,408,119,2,238,Tasmania
11-10-2021,952,184,31,96,2,192,Northern Territory
11-10-2021,953,198,172,91,3,273,South Australia
12-10-2021,954,144,698,113,1,113,South Australia
12-10-2021,955,187,771,91,2,182,Australian Capital Territory
13-10-2021,956,28,730,119,1,119,New South Wales
13-10-2021,957,52,491,102,3,306,South Australia
13-10-2021,958,66,847,113,1,113,Northern Territory
13-10-2021,959,112,1166,99,1,99,Western Australia
13-10-2021,960,134,407,119,2,238,Victoria
13-10-2021,961,168,605,112,2,224,South Australia
14-10-2021,962,45,705,119,3,357,Western Australia
14-10-2021,963,191,74,118,1,118,Northern Territory
15-10-2021,964,2,1196,105,1,105,Australian Capital Territory
15-10-2021,965,3,54,104,1,104,Western Australia
15-10-2021,966,105,929,96,1,96,Western Australia
15-10-2021,967,200,964,97,2,194,Queensland
16-10-2021,968,69,1059,93,1,93,Australian Capital Territory
16-10-2021,969,194,25,96,1,96,South Australia
17-10-2021,970,33,322,109,3,327,Queensland
17-10-2021,971,94,212,106,2,212,Queensland
18-10-2021,972,29,907,94,3,282,South Australia
18-10-2021,973,76,1067,93,3,279,Tasmania
18-10-2021,974,182,705,119,2,238,South Australia
19-10-2021,975,54,974,97,2,194,Queensland
19-10-2021,976,118,99,118,1,118,Australian Capital Territory
19-10-2021,977,128,674,113,3,339,Queensland
19-10-2021,978,152,897,94,1,94,Australian Capital Territory
19-10-2021,979,175,66,104,1,104,Northern Territory
19-10-2021,980,201,974,97,3,291,South Australia
20-10-2021,981,95,1167,99,2,198,Australian Capital Territory
20-10-2021,982,97,856,113,3,339,New South Wales
20-10-2021,983,132,420,107,1,107,New South Wales
21-10-2021,984,33,1173,99,3,297,Northern Territory
21-10-2021,985,57,808,117,1,117,Victoria
21-10-2021,986,90,641,93,1,93,Australian Capital Territory
21-10-2021,987,101,1216,105,1,105,New South Wales
21-10-2021,988,158,975,97,2,194,Western Australia
22-10-2021,989,19,347,109,2,218,Australian Capital Territory
22-10-2021,990,20,596,112,2,224,South Australia
22-10-2021,991,28,19,96,2,192,Tasmania
22-10-2021,992,41,1012,106,1,106,Queensland
22-10-2021,993,66,942,96,1,96,Victoria
22-10-2021,994,169,928,96,2,192,Western Australia
23-10-2021,995,40,479,118,3,354,Western Australia
23-10-2021,996,49,40,104,3,312,Tasmania
23-10-2021,997,100,458,118,2,236,Tasmania
24-10-2021,1000,109,586,100,1,100,Queensland
24-10-2021,1001,151,772,91,1,91,Western Australia
24-10-2021,1002,153,769,109,3,327,Tasmania
25-10-2021,1003,4,769,109,1,109,Northern Territory
25-10-2021,1004,123,616,112,1,112,South Australia
25-10-2021,1005,143,837,117,1,117,Australian Capital Territory
26-10-2021,1006,94,458,118,3,354,Queensland
26-10-2021,1007,111,660,93,,279,Queensland
26-10-2021,1008,123,724,119,2,238,New South Wales
27-10-2021,1009,138,51,104,2,208,Queensland
27-10-2021,1010,172,706,119,3,357,Northern Territory
27-10-2021,1011,174,1174,99,1,99,Northern Territory
27-10-2021,1012,188,961,97,3,291,Western Australia
28-10-2021,1013,9,917,96,3,288,Northern Territory
28-10-2021,1014,116,621,112,2,224,South Australia
28-10-2021,1015,170,1224,105,2,210,Queensland
29-10-2021,1016,116,370,94,1,94,New South Wales
29-10-2021,1017,171,655,93,1,93,Western Australia
30-10-2021,1018,199,78,118,2,236,Victoria
30-10-2021,1019,36,737,109,2,218,Australian Capital Territory
01-11-2021,1020,46,316,109,3,327,New South Wales
01-11-2021,1021,62,1045,90,2,180,Victoria
02-11-2021,1022,65,744,109,3,327,South Australia
02-11-2021,1023,185,55,104,3,312,Tasmania
02-11-2021,1024,49,1044,90,2,180,Victoria
02-11-2021,1025,202,224,106,1,106,Tasmania
03-11-2021,1026,9,1040,90,2,180,Northern Territory
03-11-2021,1027,63,208,98,1,98,Victoria
03-11-2021,1028,69,616,112,3,336,New South Wales
04-11-2021,1029,114,740,109,1,109,Western Australia
04-11-2021,1030,140,628,112,1,112,Queensland
04-11-2021,1031,26,453,107,1,107,Queensland
04-11-2021,1032,107,203,98,3,294,Australian Capital Territory
05-11-2021,1033,92,234,106,2,212,Northern Territory
05-11-2021,1034,107,242,106,2,212,Queensland
07-11-2021,1035,122,1015,90,3,270,South Australia
07-11-2021,1036,171,85,118,2,236,Western Australia
07-11-2021,1037,203,574,100,1,100,Queensland
08-11-2021,1038,36,675,113,1,113,Queensland
08-11-2021,1039,39,317,109,2,218,Western Australia
09-12-2021,1040,99,485,118,2,236,Australian Capital Territory
09-12-2021,1041,114,997,106,3,318,Northern Territory
09-12-2021,1042,119,66,104,1,104,New South Wales
01-12-2021,1043,175,165,91,1,91,New South Wales
05-12-2021,1044,22,321,109,3,327,Victoria
06-12-2021,1045,56,879,94,3,282,Queensland
07-12-2021,1046,135,376,94,1,94,Tasmania
08-12-2021,1047,185,1057,93,3,279,Australian Capital Territory
09-12-2021,1048,19,682,113,3,339,Australian Capital Territory
10-12-2021,1049,66,125,92,2,184,Western Australia
11-12-2021,1050,67,453,107,2,214,New South Wales
11-12-2021,1051,89,520,102,3,306,Queensland
12-12-2021,1052,133,374,94,3,282,Western Australia
13-12-2021,1053,173,1005,106,2,212,Northern Territory
14-12-2021,1054,185,249,95,1,95,Victoria
14-12-2021,1055,4,12,96,2,192,South Australia
17-12-2021,1056,110,647,93,3,279,Queensland
18-12-2021,1057,177,256,95,1,95,South Australia
18-12-2021,1058,204,879,94,1,94,New South Wales
19-12-2021,1059,31,1245,112,1,112,Australian Capital Territory
19-12-2021,1060,114,991,106,3,318,New South Wales
20-12-2021,1061,150,1110,115,3,345,New South Wales
20-12-2021,1062,54,268,95,1,95,Tasmania
20-12-2021,1063,110,687,113,2,226,South Australia
20-12-2021,1064,161,483,118,2,236,Australian Capital Territory
21-12-2021,1065,163,549,98,2,196,Victoria
21-12-2021,1066,164,604,112,1,112,South Australia
22-12-2021,1067,196,750,109,1,109,South Australia
22-12-2021,1068,200,1158,99,2,198,South Australia
23-12-2021,1069,204,325,109,2,218,South Australia
23-12-2021,1070,170,357,94,1,94,Western Australia
24-12-2021,1071,61,1180,99,1,99,Victoria
24-12-2021,1072,85,379,94,1,94,Northern Territory
25-12-2021,1073,89,818,117,2,234,Western Australia
25-12-2021,1074,195,370,94,2,188,Tasmania
26-12-2021,1075,186,316,109,2,218,South Australia
27-12-2021,1076,12,782,91,1,91,Northern Territory
27-12-2021,1077,39,20,96,2,192,South Australia
27-12-2021,1078,83,260,95,2,190,New South Wales
28-12-2021,1079,200,758,109,3,327,South Australia
29-12-2021,1080,13,835,117,1,117,Northern Territory
30-12-2021,1081,135,730,119,2,238,Australian Capital Territory
31-12-2021,1082,14,909,94,2,188,Victoria
01-01-2022,1,163,43,104,3,312,Western Australia
02-01-2022,2,20,571,100,1,100,Northern Territory
02-01-2022,3,82,528,98,3,294,Northern Territory
03-01-2022,4,115,1196,105,1,105,Northern Territory
03-01-2022,5,156,438,107,2,214,Northern Territory
04-01-2022,6,158,130,92,2,184,Tasmania
07-01-2022,7,66,810,117,3,351,Northern Territory
08-01-2022,8,77,614,112,1,112,South Australia
09-01-2022,9,177,64,104,1,104,Queensland
11-01-2022,10,52,1101,115,3,345,New South Wales
13-01-2022,11,96,395,119,1,119,Victoria
14-01-2022,12,163,372,94,1,94,Queensland
17-01-2022,13,165,26,96,1,96,Queensland
18-01-2022,14,171,812,117,1,117,Western Australia
19-01-2022,15,183,1192,105,2,210,Western Australia
20-01-2022,16,186,617,112,1,112,New South Wales
21-01-2022,17,38,138,92,2,184,Northern Territory
24-01-2022,18,142,1237,112,3,336,Queensland
25-01-2022,19,149,423,107,1,107,Tasmania
26-01-2022,20,63,975,97,2,194,Queensland
27-01-2022,21,92,991,106,3,318,Queensland
28-01-2022,22,13,114,92,3,276,Queensland
28-01-2022,23,21,298,105,2,210,South Australia
29-01-2022,24,28,226,106,2,212,Australian Capital Territory
29-01-2022,25,73,1135,102,1,102,South Australia
29-01-2022,26,102,332,109,3,327,Australian Capital Territory
30-01-2022,27,127,121,92,1,92,Western Australia
31-01-2022,28,129,570,100,1,100,Queensland
31-01-2022,29,191,23,96,2,192,Tasmania
01-02-2022,30,44,368,94,2,188,Victoria
02-02-2022,31,72,1028,90,2,180,Northern Territory
02-02-2022,32,118,603,112,2,224,Queensland
02-02-2022,33,113,1236,112,3,336,New South Wales
02-02-2022,34,160,122,92,2,184,South Australia
02-02-2022,35,114,171,91,1,91,Australian Capital Territory
02-02-2022,36,192,863,113,2,226,Tasmania
02-02-2022,37,192,573,100,3,300,Tasmania
03-02-2022,38,22,1040,90,2,180,Australian Capital Territory
03-02-2022,39,85,442,107,1,107,Northern Territory
03-02-2022,40,142,712,119,1,119,Victoria
03-02-2022,41,36,203,98,1,98,Northern Territory
03-02-2022,42,40,650,93,1,93,Northern Territory
04-02-2022,43,160,134,92,3,276,New South Wales
04-02-2022,44,162,1091,115,3,345,Victoria
04-02-2022,45,61,210,106,1,106,South Australia
05-02-2022,46,101,474,118,3,354,Northern Territory
05-02-2022,47,162,870,113,2,226,Queensland
05-02-2022,48,166,827,117,3,351,New South Wales
05-02-2022,49,27,360,94,1,94,Tasmania
05-02-2022,50,193,593,100,2,200,Western Australia
05-02-2022,51,38,1015,90,2,180,Western Australia
06-02-2022,52,103,663,93,3,279,New South Wales
06-02-2022,53,88,915,96,2,192,Western Australia
06-02-2022,54,163,753,109,1,109,Queensland
06-02-2022,55,35,1257,112,2,224,Northern Territory
06-02-2022,56,95,742,109,2,218,South Australia
07-02-2022,57,193,1084,93,2,186,Tasmania
07-02-2022,58,17,463,118,1,118,South Australia
07-02-2022,59,19,316,109,2,218,New South Wales
07-02-2022,60,60,1054,93,2,186,Western Australia
07-02-2022,61,126,33,96,2,192,Queensland
08-02-2022,62,127,1138,102,1,102,Queensland
08-02-2022,63,126,312,105,2,210,South Australia
08-02-2022,64,144,461,118,2,236,Tasmania
08-02-2022,65,2,157,91,3,273,New South Wales
08-02-2022,66,29,762,109,3,327,Queensland
09-02-2022,67,30,2,96,1,96,Northern Territory
09-02-2022,68,67,1038,90,2,180,Queensland
10-02-2022,69,204,484,118,2,236,Queensland
11-02-2022,70,22,20,96,1,96,Northern Territory
11-02-2022,71,6,804,91,2,182,Northern Territory
12-02-2022,72,109,248,95,3,285,Northern Territory
12-02-2022,73,151,842,113,2,226,New South Wales
12-02-2022,74,16,324,109,3,327,South Australia
12-02-2022,75,101,1113,115,1,115,Victoria
13-02-2022,76,125,586,100,1,100,New South Wales
13-02-2022,77,142,8,96,3,288,Tasmania
14-02-2022,78,146,17,96,3,288,Victoria
14-02-2022,79,197,1244,112,2,224,South Australia
14-02-2022,80,28,1259,112,3,336,Tasmania
14-02-2022,81,54,843,113,2,226,South Australia
14-02-2022,82,59,786,91,1,91,Queensland
14-02-2022,83,68,1029,90,1,90,Queensland
14-02-2022,84,158,100,118,3,354,New South Wales
15-02-2022,85,18,452,107,1,107,Queensland
16-02-2022,86,20,1114,115,3,345,Australian Capital Territory
17-02-2022,87,28,761,109,2,218,Northern Territory
17-02-2022,88,45,345,109,3,327,Queensland
17-02-2022,89,62,1192,105,2,210,Tasmania
18-02-2022,90,105,269,95,2,190,Northern Territory
18-02-2022,91,111,1056,93,2,186,Tasmania
18-02-2022,92,126,310,105,3,315,New South Wales
19-02-2022,93,154,625,112,2,224,New South Wales
19-02-2022,94,160,765,109,1,109,Australian Capital Territory
19-02-2022,95,43,1146,102,2,204,South Australia
19-02-2022,96,68,436,107,2,214,South Australia
20-02-2022,97,117,522,102,1,102,Northern Territory
20-02-2022,98,121,1126,102,1,102,Victoria
20-02-2022,99,123,700,119,3,357,Victoria
20-02-2022,100,155,512,102,1,102,South Australia
21-02-2022,101,167,1035,90,2,180,New South Wales
21-02-2022,102,183,202,98,1,98,South Australia
22-02-2022,103,196,1127,102,1,102,Tasmania
22-02-2022,104,10,426,107,3,321,South Australia
22-02-2022,105,32,323,109,1,109,South Australia
22-02-2022,106,75,395,119,3,357,Northern Territory
23-02-2022,107,142,131,92,3,276,Queensland
23-02-2022,108,151,992,106,1,106,South Australia
24-02-2022,109,191,282,105,1,105,New South Wales
24-02-2022,110,35,549,98,1,98,Queensland
24-02-2022,111,113,760,109,3,327,Victoria
25-02-2022,112,149,380,94,2,188,Queensland
25-02-2022,113,163,937,96,2,192,Northern Territory
25-02-2022,114,194,303,105,3,315,Western Australia
26-02-2022,115,18,35,104,1,104,South Australia
26-02-2022,116,22,134,92,1,92,Tasmania
26-02-2022,117,124,1058,93,3,279,South Australia
26-02-2022,118,15,699,113,3,339,South Australia
27-02-2022,119,35,671,113,3,339,Victoria
27-02-2022,120,106,639,93,2,186,South Australia
27-02-2022,121,169,751,109,2,218,Victoria
28-02-2022,122,100,1242,112,1,112,Victoria
28-02-2022,123,103,756,109,3,327,Australian Capital Territory
01-03-2022,124,124,572,100,2,200,South Australia
02-03-2022,125,125,1223,105,1,105,Western Australia
03-03-2022,126,175,329,109,1,109,South Australia
03-03-2022,127,188,1109,115,1,115,Australian Capital Territory
03-03-2022,128,2,1174,99,2,198,Western Australia
03-03-2022,129,33,955,97,3,291,New South Wales
04-03-2022,130,160,1213,105,1,105,Northern Territory
04-03-2022,131,174,795,91,1,91,South Australia
04-03-2022,132,185,1145,102,1,102,Northern Territory
04-03-2022,133,7,850,113,2,226,Tasmania
05-03-2022,134,148,213,106,1,106,New South Wales
05-03-2022,135,149,549,98,3,294,South Australia
05-03-2022,136,192,9,96,3,288,New South Wales
06-03-2022,137,91,1128,102,1,102,New South Wales
06-03-2022,138,134,989,106,2,212,Queensland
06-03-2022,139,64,801,91,2,182,Queensland
07-03-2022,140,175,968,97,3,291,New South Wales
07-03-2022,141,5,1209,105,3,315,Western Australia
07-03-2022,142,60,926,96,1,96,Tasmania
07-03-2022,143,85,613,112,3,336,Australian Capital Territory
07-03-2022,144,121,1200,105,1,105,Western Australia
08-03-2022,145,193,727,119,1,119,Victoria
08-03-2022,146,74,85,118,2,236,South Australia
08-03-2022,147,142,630,93,3,279,Northern Territory
09-03-2022,148,182,756,109,1,109,Western Australia
09-03-2022,149,189,877,94,2,188,New South Wales
09-03-2022,150,27,843,113,2,226,South Australia
09-03-2022,151,53,825,117,3,351,Northern Territory
09-03-2022,152,71,230,106,2,212,Western Australia
09-03-2022,153,124,640,93,1,93,Victoria
09-03-2022,154,4,1033,90,1,90,Northern Territory
09-03-2022,155,6,473,118,2,236,Northern Territory
10-03-2022,156,9,203,98,1,98,Northern Territory
10-03-2022,157,28,1053,93,2,186,South Australia
10-03-2022,158,47,1089,115,3,345,New South Wales
10-03-2022,159,99,159,91,3,273,Northern Territory
11-03-2022,160,109,1108,115,2,230,Western Australia
11-03-2022,161,163,682,113,3,339,Victoria
11-03-2022,162,185,406,119,3,357,Victoria
12-03-2022,163,104,1182,99,1,99,Queensland
12-03-2022,164,197,697,113,2,226,New South Wales
13-03-2022,165,48,683,113,3,339,Tasmania
13-03-2022,166,69,175,98,3,294,Tasmania
13-03-2022,167,160,951,97,1,97,Western Australia
13-03-2022,168,169,605,112,2,224,Victoria
13-03-2022,169,33,511,102,2,204,Tasmania
13-03-2022,170,35,302,105,1,105,Australian Capital Territory
14-03-2022,171,46,498,102,1,102,South Australia
14-03-2022,172,112,755,109,2,218,Northern Territory
14-03-2022,173,201,27,96,2,192,South Australia
14-03-2022,174,9,35,104,2,208,South Australia
15-03-2022,175,34,555,98,1,98,South Australia
15-03-2022,176,58,883,94,2,188,Queensland
15-03-2022,177,202,1177,99,1,99,Victoria
15-03-2022,178,94,939,96,2,192,South Australia
16-03-2022,179,152,731,119,1,119,Northern Territory
16-03-2022,180,181,506,102,3,306,South Australia
16-03-2022,181,51,668,113,1,113,New South Wales
16-03-2022,182,82,676,113,2,226,Tasmania
16-03-2022,183,104,67,104,3,312,Australian Capital Territory
16-03-2022,184,106,1069,93,3,279,Western Australia
16-03-2022,185,109,1072,93,1,93,Queensland
17-03-2022,186,134,840,113,2,226,Australian Capital Territory
17-03-2022,187,203,1229,112,1,112,Tasmania
17-03-2022,188,131,1142,102,2,204,Australian Capital Territory
17-03-2022,189,137,826,117,1,117,Northern Territory
18-03-2022,190,157,585,100,1,100,Victoria
18-03-2022,191,165,1060,93,2,186,Victoria
19-03-2022,192,191,219,106,1,106,Victoria
19-03-2022,193,192,664,93,1,93,Northern Territory
19-03-2022,194,39,1030,90,2,180,Tasmania
19-03-2022,195,77,1165,99,2,198,Northern Territory
19-03-2022,196,111,1031,90,3,270,South Australia
20-03-2022,197,118,110,92,1,92,South Australia
20-03-2022,198,132,979,97,1,97,South Australia
21-03-2022,199,193,656,93,3,279,Northern Territory
21-03-2022,200,46,666,113,3,339,Tasmania
22-03-2022,201,165,1165,99,3,297,New South Wales
22-03-2022,202,186,1208,105,2,210,Western Australia
22-03-2022,203,19,71,118,1,118,New South Wales
22-03-2022,204,131,865,113,2,226,Victoria
22-03-2022,205,162,849,113,2,226,Western Australia
22-03-2022,206,127,477,118,2,236,Australian Capital Territory
22-03-2022,207,148,1214,105,3,315,Western Australia
22-03-2022,208,150,263,95,3,285,Queensland
23-03-2022,209,113,90,118,2,236,Victoria
23-03-2022,210,150,736,109,1,109,New South Wales
23-03-2022,211,44,704,119,1,119,South Australia
23-03-2022,212,52,1141,102,1,102,Australian Capital Territory
23-03-2022,213,139,280,105,1,105,Northern Territory
23-03-2022,214,199,655,93,3,279,New South Wales
24-03-2022,215,203,1058,93,2,186,Tasmania
24-03-2022,216,16,297,105,2,210,Queensland
25-03-2022,217,108,1214,105,3,315,Australian Capital Territory
25-03-2022,218,121,1222,105,3,315,Western Australia
26-03-2022,219,197,254,95,3,285,Australian Capital Territory
26-03-2022,220,63,360,94,2,188,Australian Capital Territory
26-03-2022,221,92,994,106,3,318,Victoria
26-03-2022,222,166,661,93,2,186,Western Australia
26-03-2022,223,184,1100,115,2,230,New South Wales
26-03-2022,224,189,214,106,1,106,Victoria
27-03-2022,225,179,700,119,2,238,Western Australia
28-03-2022,226,75,604,112,3,336,South Australia
28-03-2022,227,117,532,98,1,98,Tasmania
29-03-2022,228,137,236,106,3,318,Queensland
29-03-2022,229,9,1061,93,2,186,Northern Territory
29-03-2022,230,14,108,92,2,184,Australian Capital Territory
29-03-2022,231,120,881,94,2,188,Western Australia
29-03-2022,232,34,62,104,1,104,Victoria
30-03-2022,233,56,1061,93,1,93,New South Wales
30-03-2022,234,108,555,98,2,196,Victoria
30-03-2022,235,152,537,98,3,294,Australian Capital Territory
30-03-2022,236,166,740,109,1,109,Tasmania
30-03-2022,237,183,758,109,3,327,Northern Territory
30-03-2022,238,39,892,94,3,282,Western Australia
30-03-2022,239,13,753,109,2,218,Northern Territory
31-03-2022,240,17,1066,93,2,186,South Australia
31-03-2022,241,30,462,118,3,354,South Australia
01-04-2022,242,37,645,93,2,186,South Australia
01-04-2022,243,122,712,119,2,238,Northern Territory
02-04-2022,244,169,1062,93,1,93,Northern Territory
02-04-2022,245,194,893,94,1,94,Tasmania
03-04-2022,246,1,481,118,1,118,Australian Capital Territory
03-04-2022,247,9,486,118,2,236,Western Australia
03-04-2022,248,43,134,92,3,276,Queensland
03-04-2022,249,90,1129,102,3,306,Queensland
03-04-2022,250,158,1173,99,2,198,South Australia
04-04-2022,251,24,852,113,2,226,Tasmania
04-04-2022,252,113,979,97,3,291,New South Wales
04-04-2022,253,202,174,91,3,273,Tasmania
05-04-2022,254,14,1202,105,2,210,Tasmania
05-04-2022,255,29,246,95,2,190,Western Australia
05-04-2022,256,60,451,107,3,321,Northern Territory
06-04-2022,257,115,539,98,1,98,Western Australia
06-04-2022,258,142,717,119,3,357,South Australia
06-04-2022,259,157,442,107,1,107,South Australia
06-04-2022,260,40,333,109,2,218,New South Wales
07-04-2022,261,59,928,96,1,96,Tasmania
07-04-2022,262,81,626,112,1,112,Victoria
07-04-2022,263,137,175,98,1,98,Western Australia
07-04-2022,264,162,1052,93,3,279,Western Australia
07-04-2022,265,77,364,94,1,94,Western Australia
08-04-2022,266,149,93,118,3,354,Australian Capital Territory
08-04-2022,267,151,287,105,3,315,Australian Capital Territory
08-04-2022,268,152,490,102,1,102,New South Wales
09-04-2022,269,202,104,118,3,354,Victoria
09-04-2022,270,30,411,119,2,238,South Australia
09-04-2022,271,81,987,106,2,212,Victoria
10-04-2022,272,96,940,96,1,96,South Australia
10-04-2022,273,97,120,92,1,92,Australian Capital Territory
10-04-2022,274,191,1077,93,2,186,Western Australia
10-04-2022,275,4,1184,99,3,297,Western Australia
11-04-2022,276,197,1065,93,1,93,Northern Territory
11-04-2022,277,117,890,94,3,282,New South Wales
11-04-2022,278,14,91,118,3,354,Tasmania
11-04-2022,279,169,1016,90,2,180,Western Australia
11-04-2022,280,15,972,97,3,291,Australian Capital Territory
11-04-2022,281,57,1148,102,3,306,Northern Territory
12-04-2022,282,88,1221,105,2,210,Victoria
13-04-2022,283,142,575,100,3,300,New South Wales
13-04-2022,284,69,817,117,2,234,Western Australia
13-04-2022,285,87,276,95,1,95,Queensland
13-04-2022,286,16,381,94,3,282,New South Wales
14-04-2022,287,77,819,117,3,351,South Australia
14-04-2022,288,79,481,118,2,236,New South Wales
14-04-2022,289,88,770,91,2,182,Western Australia
14-04-2022,290,101,1119,115,3,345,South Australia
14-04-2022,291,115,984,106,1,106,Australian Capital Territory
15-04-2022,292,127,34,96,1,96,Western Australia
15-04-2022,293,121,58,104,1,104,Victoria
16-04-2022,294,110,818,117,1,117,Queensland
16-04-2022,295,97,1209,105,3,315,Australian Capital Territory
16-04-2022,296,168,439,107,1,107,Western Australia
17-04-2022,297,189,668,113,1,113,Western Australia
17-04-2022,298,110,891,94,1,94,Victoria
17-04-2022,299,154,630,93,2,186,Western Australia
18-04-2022,300,182,858,113,3,339,Northern Territory
18-04-2022,301,12,846,113,3,339,South Australia
18-04-2022,302,138,1065,93,1,93,Western Australia
19-04-2022,303,159,410,119,3,357,South Australia
19-04-2022,304,182,578,100,2,200,New South Wales
20-04-2022,305,27,302,105,2,210,Victoria
20-04-2022,306,82,239,106,3,318,Australian Capital Territory
20-04-2022,307,123,1065,93,2,186,Queensland
21-04-2022,308,160,94,118,1,118,Western Australia
21-04-2022,309,96,1123,102,1,102,Northern Territory
22-04-2022,310,126,678,113,1,113,Queensland
22-04-2022,311,37,809,117,3,351,Queensland
23-04-2022,312,39,621,112,2,224,Queensland
23-04-2022,313,95,415,119,3,357,Victoria
23-04-2022,314,193,1061,93,2,186,Western Australia
24-04-2022,315,16,28,96,1,96,Queensland
24-04-2022,316,172,683,113,3,339,Victoria
25-04-2022,317,96,1223,105,2,210,Western Australia
25-04-2022,318,103,740,109,3,327,Australian Capital Territory
25-04-2022,319,108,505,102,1,102,Northern Territory
25-04-2022,320,121,266,95,2,190,Tasmania
25-04-2022,321,131,535,98,1,98,Western Australia
25-04-2022,322,197,864,113,1,113,New South Wales
25-04-2022,323,9,708,119,1,119,New South Wales
25-04-2022,324,80,21,96,2,192,South Australia
25-04-2022,325,90,746,109,2,218,Western Australia
26-04-2022,326,180,272,95,1,95,Victoria
26-04-2022,327,13,1249,112,2,224,South Australia
27-04-2022,328,124,200,98,3,294,Australian Capital Territory
27-04-2022,329,182,525,98,1,98,Australian Capital Territory
28-04-2022,330,98,1103,115,1,115,Queensland
28-04-2022,331,143,1123,102,3,306,Australian Capital Territory
28-04-2022,332,61,1163,99,1,99,New South Wales
29-04-2022,333,120,11,96,2,192,South Australia
29-04-2022,334,32,1096,115,3,345,Queensland
29-04-2022,335,91,1045,90,3,270,Queensland
29-04-2022,336,120,395,119,3,357,South Australia
29-04-2022,337,172,1156,99,2,198,South Australia
29-04-2022,338,27,603,112,1,112,New South Wales
30-04-2022,339,101,643,93,3,279,New South Wales
30-04-2022,340,153,1188,99,3,297,Western Australia
30-04-2022,341,169,792,91,3,273,Western Australia
30-04-2022,342,66,163,91,3,273,Queensland
01-05-2022,343,117,462,118,3,354,New South Wales
01-05-2022,344,143,94,118,2,236,Northern Territory
01-05-2022,345,119,63,104,1,104,Australian Capital Territory
02-05-2022,346,142,843,113,2,226,Queensland
02-05-2022,347,183,709,119,2,238,Tasmania
02-05-2022,348,22,912,96,1,96,Western Australia
02-05-2022,349,71,1100,115,1,115,Australian Capital Territory
03-05-2022,350,99,1238,112,2,224,Tasmania
04-05-2022,351,164,1202,105,2,210,South Australia
04-05-2022,352,188,1246,112,3,336,New South Wales
05-05-2022,353,15,1212,105,2,210,Queensland
05-05-2022,354,20,85,118,3,354,Tasmania
05-05-2022,355,145,1138,102,1,102,Tasmania
05-05-2022,356,22,172,91,2,182,Northern Territory
06-05-2022,357,33,486,118,2,236,Australian Capital Territory
06-05-2022,358,36,636,93,3,279,Tasmania
06-05-2022,359,91,224,106,3,318,Northern Territory
07-05-2022,360,98,645,93,1,93,Northern Territory
07-05-2022,361,122,258,95,1,95,South Australia
08-05-2022,362,126,444,107,2,214,Victoria
08-05-2022,363,138,2,96,2,192,Tasmania
09-05-2022,364,18,285,105,1,105,New South Wales
09-05-2022,365,60,590,100,1,100,New South Wales
09-05-2022,366,135,654,93,2,186,Tasmania
09-05-2022,367,140,1130,102,3,306,Australian Capital Territory
09-05-2022,368,6,242,106,1,106,Victoria
09-05-2022,369,152,904,94,3,282,Queensland
10-05-2022,370,166,430,107,3,321,Queensland
10-05-2022,371,76,214,106,1,106,New South Wales
11-05-2022,372,153,542,98,3,294,Victoria
11-05-2022,373,16,17,96,2,192,Victoria
11-05-2022,374,76,1132,102,1,102,Tasmania
12-05-2022,375,82,757,109,1,109,Victoria
12-05-2022,376,84,191,98,2,196,Northern Territory
13-05-2022,377,96,1025,90,2,180,Victoria
13-05-2022,378,136,174,91,3,273,Queensland
13-05-2022,379,84,371,94,3,282,Australian Capital Territory
13-05-2022,380,164,275,95,2,190,Western Australia
15-05-2022,381,184,318,109,2,218,Northern Territory
15-05-2022,382,198,204,98,2,196,Queensland
16-05-2022,383,107,388,119,1,119,Western Australia
16-05-2022,384,141,733,119,3,357,Australian Capital Territory
16-05-2022,385,170,673,113,3,339,Australian Capital Territory
16-05-2022,386,186,759,109,2,218,Queensland
16-05-2022,387,17,132,92,2,184,New South Wales
16-05-2022,388,51,968,97,3,291,Tasmania
16-05-2022,389,60,913,96,1,96,Queensland
17-05-2022,390,95,1091,115,1,115,Northern Territory
17-05-2022,391,103,772,91,1,91,Western Australia
18-05-2022,392,122,616,112,1,112,Queensland
18-05-2022,393,177,207,98,1,98,Tasmania
19-05-2022,394,51,1071,93,2,186,New South Wales
19-05-2022,395,94,883,94,2,188,Western Australia
19-05-2022,396,113,172,91,3,273,South Australia
20-05-2022,397,166,217,106,2,212,New South Wales
21-05-2022,398,76,1158,99,1,99,Australian Capital Territory
21-05-2022,399,161,936,96,1,96,Northern Territory
21-05-2022,400,25,736,109,3,327,Victoria
22-05-2022,401,113,562,100,3,300,Northern Territory
22-05-2022,402,132,207,98,2,196,New South Wales
22-05-2022,403,160,1102,115,1,115,Queensland
22-05-2022,404,196,306,105,2,210,Victoria
22-05-2022,405,50,339,109,1,109,New South Wales
22-05-2022,406,124,32,96,3,288,Queensland
23-05-2022,407,117,405,119,2,238,Northern Territory
23-05-2022,408,158,257,95,2,190,New South Wales
23-05-2022,409,6,38,104,2,208,Queensland
23-05-2022,410,35,991,106,2,212,Australian Capital Territory
24-05-2022,411,37,995,106,3,318,New South Wales
24-05-2022,412,87,278,95,2,190,Northern Territory
25-05-2022,413,139,428,107,1,107,Western Australia
25-05-2022,414,164,8,96,1,96,Queensland
26-05-2022,415,169,468,118,3,354,Queensland
26-05-2022,416,171,314,105,2,210,Victoria
26-05-2022,417,1,691,113,3,339,Australian Capital Territory
26-05-2022,418,47,78,118,2,236,Tasmania
27-05-2022,419,74,311,105,2,210,Tasmania
27-05-2022,420,77,577,100,2,200,Victoria
28-05-2022,421,141,950,97,1,97,Tasmania
28-05-2022,422,179,360,94,2,188,South Australia
29-05-2022,423,98,982,106,3,318,New South Wales
29-05-2022,424,185,948,97,2,194,Victoria
30-05-2022,425,158,238,106,1,106,Australian Capital Territory
31-05-2022,426,180,1054,93,1,93,Queensland
01-06-2022,427,55,717,119,1,119,Victoria
02-06-2022,428,66,728,119,1,119,Western Australia
02-06-2022,429,83,88,118,1,118,South Australia
03-06-2022,430,90,19,96,2,192,New South Wales
03-06-2022,431,99,26,96,1,96,New South Wales
04-06-2022,432,177,976,97,3,291,Queensland
04-06-2022,433,160,878,94,2,188,Australian Capital Territory
04-06-2022,434,123,75,118,1,118,Queensland
05-06-2022,435,195,1212,105,2,210,Victoria
05-06-2022,436,3,6,96,2,192,Northern Territory
05-06-2022,437,20,514,102,3,306,Queensland
06-06-2022,438,100,373,94,2,188,New South Wales
06-06-2022,439,179,182,98,2,196,Northern Territory
06-06-2022,440,203,1170,99,2,198,New South Wales
06-06-2022,441,21,7,96,1,96,South Australia
07-06-2022,442,24,8,96,1,96,Victoria
07-06-2022,443,64,623,112,2,224,Australian Capital Territory
07-06-2022,444,79,947,97,1,97,Northern Territory
07-06-2022,445,135,106,92,1,92,Australian Capital Territory
09-06-2022,446,144,680,113,2,226,Western Australia
09-06-2022,447,201,451,107,2,214,Tasmania
10-06-2022,448,179,1235,112,1,112,Tasmania
10-06-2022,449,182,852,113,2,226,New South Wales
11-06-2022,450,28,1158,99,1,99,Western Australia
11-06-2022,451,81,55,104,3,312,South Australia
12-06-2022,452,134,185,98,2,196,Northern Territory
12-06-2022,453,193,63,104,3,312,South Australia
12-06-2022,454,132,658,93,3,279,Northern Territory
13-06-2022,455,145,472,118,3,354,Western Australia
13-06-2022,456,167,134,92,2,184,Western Australia
13-06-2022,457,187,95,118,3,354,Western Australia
13-06-2022,458,192,920,96,3,288,Victoria
13-06-2022,459,5,148,91,2,182,Northern Territory
14-06-2022,460,100,392,119,3,357,Northern Territory
14-06-2022,461,190,431,107,3,321,South Australia
15-06-2022,462,2,915,96,1,96,Queensland
15-06-2022,463,63,327,109,3,327,Australian Capital Territory
15-06-2022,464,72,71,118,2,236,Australian Capital Territory
15-06-2022,465,23,238,106,2,212,Western Australia
15-06-2022,466,39,631,93,3,279,New South Wales
16-06-2022,467,77,535,98,3,294,Queensland
17-06-2022,468,171,198,98,2,196,Northern Territory
17-06-2022,469,34,817,117,2,234,Victoria
17-06-2022,470,81,1175,99,1,99,Victoria
18-06-2022,471,124,647,93,1,93,Northern Territory
18-06-2022,472,200,992,106,1,106,South Australia
18-06-2022,473,205,502,102,2,204,Victoria
18-06-2022,474,13,800,91,2,182,Northern Territory
18-06-2022,475,30,407,119,2,238,Victoria
18-06-2022,476,176,642,93,1,93,Tasmania
19-06-2022,477,140,687,113,3,339,Australian Capital Territory
19-06-2022,478,177,1059,93,3,279,Victoria
19-06-2022,479,183,300,105,3,315,Victoria
19-06-2022,480,39,49,104,1,104,Queensland
19-06-2022,481,69,103,118,1,118,Queensland
20-06-2022,482,156,470,118,3,354,Victoria
20-06-2022,483,168,1037,90,3,270,Australian Capital Territory
20-06-2022,484,26,808,117,2,234,New South Wales
20-06-2022,485,87,174,91,2,182,Australian Capital Territory
20-06-2022,486,134,516,102,2,204,Northern Territory
20-06-2022,487,160,437,107,2,214,Victoria
20-06-2022,488,176,24,96,3,288,Northern Territory
20-06-2022,489,179,788,91,3,273,South Australia
20-06-2022,490,2,686,113,1,113,Queensland
20-06-2022,491,27,1027,90,3,270,Queensland
21-06-2022,492,40,688,113,3,339,New South Wales
21-06-2022,493,61,316,109,2,218,Tasmania
21-06-2022,494,78,1001,106,2,212,Victoria
21-06-2022,495,76,452,107,1,107,South Australia
21-06-2022,496,80,978,97,2,194,Australian Capital Territory
21-06-2022,497,82,1042,90,3,270,Australian Capital Territory
21-06-2022,498,134,770,91,1,91,Australian Capital Territory
21-06-2022,499,203,1104,115,3,345,Queensland
21-06-2022,500,42,1225,112,1,112,South Australia
22-06-2022,501,103,549,98,2,196,Australian Capital Territory
22-06-2022,502,11,780,91,3,273,New South Wales
22-06-2022,503,14,227,106,3,318,Northern Territory
22-06-2022,504,45,1258,112,1,112,South Australia
22-06-2022,505,28,922,96,2,192,Queensland
22-06-2022,506,147,1250,112,1,112,New South Wales
23-06-2022,507,187,644,93,3,279,Queensland
23-06-2022,508,129,1026,90,2,180,Northern Territory
23-06-2022,509,166,743,109,1,109,Western Australia
23-06-2022,510,195,495,102,3,306,Victoria
24-06-2022,511,16,578,100,2,200,Victoria
25-06-2022,512,120,560,100,1,100,Queensland
25-06-2022,513,89,271,95,1,95,Queensland
25-06-2022,514,183,513,102,3,306,Tasmania
26-06-2022,515,194,371,94,1,94,Victoria
26-06-2022,516,11,877,94,2,188,Northern Territory
27-06-2022,517,27,430,107,1,107,South Australia
27-06-2022,518,13,217,106,2,212,Western Australia
28-06-2022,519,128,1002,106,2,212,Australian Capital Territory
29-06-2022,520,73,467,118,3,354,Australian Capital Territory
29-06-2022,521,176,124,92,1,92,Queensland
29-06-2022,522,200,135,92,2,184,Tasmania
29-06-2022,523,108,685,113,2,226,Northern Territory
29-06-2022,524,200,842,113,3,339,Queensland
30-06-2022,525,5,635,93,3,279,Australian Capital Territory
30-06-2022,526,13,95,118,3,354,Western Australia
30-06-2022,527,26,154,91,3,273,Western Australia
30-06-2022,528,35,527,98,1,98,Tasmania
30-06-2022,529,70,593,100,1,100,Western Australia
01-07-2022,530,97,541,98,1,98,Tasmania
01-07-2022,531,113,1030,90,2,180,Western Australia
01-07-2022,532,175,381,94,3,282,Australian Capital Territory
01-07-2022,533,180,1058,93,2,186,New South Wales
02-07-2022,534,17,791,91,2,182,Victoria
02-07-2022,535,123,958,97,2,194,Queensland
03-07-2022,536,103,9,96,2,192,Australian Capital Territory
03-07-2022,537,107,882,94,1,94,Australian Capital Territory
04-07-2022,538,143,740,109,2,218,Victoria
04-07-2022,539,161,63,104,3,312,Tasmania
04-07-2022,540,192,990,106,3,318,South Australia
04-07-2022,541,20,681,113,1,113,Queensland
04-07-2022,542,27,823,117,1,117,Queensland
05-07-2022,543,64,680,113,2,226,South Australia
05-07-2022,544,118,360,94,1,94,New South Wales
05-07-2022,545,146,610,112,3,336,Tasmania
05-07-2022,546,171,520,102,2,204,Australian Capital Territory
06-07-2022,547,41,730,119,1,119,Queensland
06-07-2022,548,76,1083,93,2,186,Tasmania
06-07-2022,549,100,1083,93,2,186,Australian Capital Territory
06-07-2022,550,123,361,94,3,282,Queensland
07-07-2022,551,2,1091,115,3,345,South Australia
07-07-2022,552,128,814,117,3,351,Western Australia
07-07-2022,553,154,1043,90,1,90,Northern Territory
07-07-2022,554,50,1098,115,3,345,Victoria
07-07-2022,555,79,499,102,1,102,Queensland
07-07-2022,556,164,425,107,3,321,Australian Capital Territory
07-07-2022,557,169,526,98,3,294,Tasmania
07-07-2022,558,93,1247,112,3,336,New South Wales
07-07-2022,559,88,126,92,1,92,Victoria
08-07-2022,560,143,1083,93,1,93,Victoria
08-07-2022,561,107,349,109,2,218,Tasmania
09-07-2022,562,165,679,113,1,113,Western Australia
09-07-2022,563,185,411,119,2,238,South Australia
09-07-2022,564,204,649,93,1,93,South Australia
09-07-2022,565,1,1002,106,2,212,Australian Capital Territory
10-07-2022,566,53,92,118,1,118,Western Australia
11-07-2022,567,89,545,98,1,98,Victoria
12-07-2022,568,21,906,94,2,188,Queensland
12-07-2022,569,120,1231,112,1,112,Western Australia
12-07-2022,570,44,1076,93,1,93,New South Wales
13-07-2022,571,137,1137,102,1,102,Victoria
13-07-2022,572,45,476,118,1,118,Western Australia
13-07-2022,573,123,108,92,2,184,Victoria
13-07-2022,574,124,352,94,2,188,Tasmania
14-07-2022,575,156,1253,112,1,112,New South Wales
14-07-2022,576,171,785,91,1,91,Queensland
14-07-2022,577,187,66,104,1,104,Northern Territory
15-07-2022,578,128,185,98,1,98,New South Wales
15-07-2022,579,178,1023,90,1,90,Australian Capital Territory
15-07-2022,580,75,571,100,2,200,New South Wales
15-07-2022,581,97,307,105,3,315,Tasmania
15-07-2022,582,159,118,92,2,184,New South Wales
15-07-2022,583,76,842,113,2,226,Northern Territory
15-07-2022,584,150,234,106,2,212,Queensland
16-07-2022,585,16,273,95,1,95,Victoria
16-07-2022,586,54,512,102,2,204,Queensland
16-07-2022,587,129,872,113,2,226,New South Wales
16-07-2022,588,152,1230,112,1,112,Victoria
16-07-2022,589,16,7,96,3,288,Australian Capital Territory
16-07-2022,590,28,803,91,2,182,South Australia
17-07-2022,591,5,639,93,3,279,Australian Capital Territory
17-07-2022,592,81,142,91,1,91,South Australia
17-07-2022,593,89,549,98,1,98,Victoria
17-07-2022,594,113,640,93,1,93,South Australia
17-07-2022,595,131,517,102,1,102,South Australia
17-07-2022,596,159,172,91,2,182,Tasmania
18-07-2022,597,165,700,119,1,119,New South Wales
18-07-2022,598,5,1,96,3,288,Western Australia
18-07-2022,599,42,866,113,1,113,New South Wales
19-07-2022,600,136,816,117,2,234,Queensland
19-07-2022,601,196,1053,93,3,279,South Australia
19-07-2022,602,86,572,100,2,200,South Australia
20-07-2022,603,104,1066,93,1,93,Tasmania
20-07-2022,604,148,220,106,3,318,South Australia
20-07-2022,605,181,463,118,1,118,Northern Territory
21-07-2022,606,35,1043,90,1,90,Northern Territory
21-07-2022,607,103,159,91,1,91,Western Australia
22-07-2022,608,112,1245,112,1,112,Australian Capital Territory
22-07-2022,609,15,291,105,2,210,Western Australia
22-07-2022,610,30,1167,99,1,99,Queensland
22-07-2022,611,59,682,113,2,226,Tasmania
23-07-2022,612,98,1022,90,2,180,Australian Capital Territory
24-07-2022,613,138,518,102,3,306,Australian Capital Territory
24-07-2022,614,198,1259,112,2,224,Northern Territory
24-07-2022,615,7,1162,99,3,297,Victoria
24-07-2022,616,112,259,95,1,95,Tasmania
25-07-2022,617,128,787,91,2,182,New South Wales
25-07-2022,618,139,1110,115,3,345,New South Wales
25-07-2022,619,28,2,96,2,192,Victoria
26-07-2022,620,112,884,94,3,282,Queensland
26-07-2022,621,77,672,113,1,113,Victoria
27-07-2022,622,139,521,102,2,204,Queensland
28-07-2022,623,42,330,109,1,109,New South Wales
28-07-2022,624,124,137,92,3,276,South Australia
28-07-2022,625,156,1155,99,2,198,Northern Territory
29-07-2022,626,157,918,96,3,288,Victoria
30-07-2022,627,88,407,119,1,119,Australian Capital Territory
30-07-2022,628,104,385,119,1,119,Western Australia
31-07-2022,629,5,475,118,2,236,Tasmania
31-07-2022,630,121,920,96,2,192,Australian Capital Territory
31-07-2022,631,38,503,102,1,102,New South Wales
31-07-2022,632,78,733,119,3,357,Northern Territory
31-07-2022,633,10,860,113,2,226,Tasmania
31-07-2022,634,178,593,100,1,100,Australian Capital Territory
01-08-2022,635,44,368,94,2,188,Victoria
01-08-2022,636,72,1028,90,2,180,Northern Territory
01-08-2022,637,118,603,112,2,224,Queensland
01-08-2022,638,113,1236,112,3,336,New South Wales
02-08-2022,639,160,122,92,2,184,South Australia
02-08-2022,640,114,171,91,1,91,Australian Capital Territory
02-08-2022,641,192,863,113,2,226,Tasmania
02-08-2022,642,192,573,100,3,300,Tasmania
03-08-2022,643,22,1040,90,2,180,Australian Capital Territory
03-08-2022,644,85,442,107,1,107,Northern Territory
03-08-2022,645,142,712,119,1,119,Victoria
04-08-2022,646,36,203,98,1,98,Northern Territory
04-08-2022,647,40,650,93,1,93,Northern Territory
04-08-2022,648,160,134,92,3,276,New South Wales
04-08-2022,649,162,1091,115,3,345,Victoria
04-08-2022,650,61,210,106,1,106,South Australia
04-08-2022,651,101,474,118,3,354,Northern Territory
05-08-2022,652,162,870,113,2,226,Queensland
05-08-2022,653,166,827,117,3,351,New South Wales
05-08-2022,654,27,360,94,1,94,Tasmania
06-08-2022,655,193,593,100,2,200,Western Australia
06-08-2022,656,38,1015,90,2,180,Western Australia
06-08-2022,657,103,663,93,3,279,New South Wales
07-08-2022,658,88,915,96,2,192,Western Australia
07-08-2022,659,163,753,109,1,109,Queensland
08-08-2022,660,35,1257,112,2,224,Northern Territory
08-08-2022,661,95,742,109,2,218,South Australia
08-08-2022,662,193,1084,93,2,186,Tasmania
09-08-2022,663,17,463,118,1,118,South Australia
09-08-2022,664,19,316,109,2,218,New South Wales
10-08-2022,665,60,1054,93,2,186,Western Australia
10-08-2022,666,126,33,96,2,192,Queensland
10-08-2022,667,127,1138,102,1,102,Queensland
11-08-2022,668,126,312,105,2,210,South Australia
11-08-2022,669,144,461,118,2,236,Tasmania
12-08-2022,670,2,157,91,3,273,New South Wales
13-08-2022,671,29,762,109,3,327,Queensland
13-08-2022,672,30,2,96,1,96,Northern Territory
13-08-2022,673,67,1038,90,2,180,Queensland
14-08-2022,674,204,484,118,2,236,Queensland
14-08-2022,675,22,20,96,1,96,Northern Territory
14-08-2022,676,6,804,91,2,182,Northern Territory
14-08-2022,677,109,248,95,3,285,Northern Territory
15-08-2022,678,151,842,113,2,226,New South Wales
16-08-2022,679,16,324,109,3,327,South Australia
16-08-2022,680,101,1113,115,1,115,Victoria
16-08-2022,681,125,586,100,1,100,New South Wales
16-08-2022,682,142,8,96,3,288,Tasmania
16-08-2022,683,146,17,96,3,288,Victoria
17-08-2022,684,197,1244,112,2,224,South Australia
17-08-2022,685,28,1259,112,3,336,Tasmania
17-08-2022,686,54,843,113,2,226,South Australia
17-08-2022,687,59,786,91,1,91,Queensland
17-08-2022,688,68,1029,90,1,90,Queensland
18-08-2022,689,158,100,118,3,354,New South Wales
18-08-2022,690,18,452,107,1,107,Queensland
18-08-2022,691,20,1114,115,3,345,Australian Capital Territory
18-08-2022,692,28,761,109,2,218,Northern Territory
19-08-2022,693,45,345,109,3,327,Queensland
19-08-2022,694,62,1192,105,2,210,Tasmania
19-08-2022,695,105,269,95,2,190,Northern Territory
19-08-2022,696,111,1056,93,2,186,Tasmania
20-08-2022,697,126,310,105,3,315,New South Wales
20-08-2022,698,154,625,112,2,224,New South Wales
20-08-2022,699,160,765,109,1,109,Australian Capital Territory
20-08-2022,700,43,1146,102,2,204,South Australia
20-08-2022,701,68,436,107,2,214,South Australia
20-08-2022,702,117,522,102,1,102,Northern Territory
21-08-2022,703,121,1126,102,1,102,Victoria
22-08-2022,704,123,700,119,3,357,Victoria
22-08-2022,705,155,512,102,1,102,South Australia
22-08-2022,706,167,1035,90,2,180,New South Wales
22-08-2022,707,183,202,98,1,98,South Australia
22-08-2022,708,196,1127,102,1,102,Tasmania
23-08-2022,709,10,426,107,3,321,South Australia
23-08-2022,710,32,323,109,1,109,South Australia
23-08-2022,711,75,395,119,3,357,Northern Territory
23-08-2022,712,142,131,92,3,276,Queensland
24-08-2022,713,151,992,106,1,106,South Australia
24-08-2022,714,191,282,105,1,105,New South Wales
24-08-2022,715,35,549,98,1,98,Queensland
24-08-2022,716,113,760,109,3,327,Victoria
24-08-2022,717,149,380,94,2,188,Queensland
24-08-2022,718,163,937,96,2,192,Northern Territory
25-08-2022,719,194,303,105,3,315,Western Australia
25-08-2022,720,18,35,104,1,104,South Australia
25-08-2022,721,22,134,92,1,92,Tasmania
25-08-2022,722,124,1058,93,3,279,South Australia
26-08-2022,723,15,699,113,3,339,South Australia
26-08-2022,724,35,671,113,3,339,Victoria
26-08-2022,725,106,639,93,2,186,South Australia
26-08-2022,726,169,751,109,2,218,Victoria
26-08-2022,727,100,1242,112,1,112,Victoria
28-08-2022,728,103,756,109,3,327,Australian Capital Territory
28-08-2022,729,124,572,100,2,200,South Australia
28-08-2022,730,125,1223,105,1,105,Western Australia
29-08-2022,731,175,329,109,1,109,South Australia
29-08-2022,732,188,1109,115,1,115,Australian Capital Territory
30-08-2022,733,2,1174,99,2,198,Western Australia
30-08-2022,734,33,955,97,3,291,New South Wales
30-08-2022,735,160,1213,105,1,105,Northern Territory
30-08-2022,736,174,795,91,1,91,South Australia
30-08-2022,737,185,1145,102,1,102,Northern Territory
30-08-2022,738,7,850,113,2,226,Tasmania
31-08-2022,739,148,213,106,1,106,New South Wales
31-08-2022,740,149,549,98,3,294,South Australia
31-08-2022,741,192,9,96,3,288,New South Wales
01-09-2022,742,91,1128,102,1,102,New South Wales
01-09-2022,743,134,989,106,2,212,Queensland
02-09-2022,744,64,801,91,2,182,Queensland
02-09-2022,745,175,968,97,3,291,New South Wales
02-09-2022,746,5,1209,105,3,315,Western Australia
02-09-2022,747,60,926,96,1,96,Tasmania
02-09-2022,748,85,613,112,3,336,Australian Capital Territory
02-09-2022,749,121,1200,105,1,105,Western Australia
03-09-2022,750,193,727,119,1,119,Victoria
03-09-2022,751,74,85,118,2,236,South Australia
03-09-2022,752,142,630,93,3,279,Northern Territory
04-09-2022,753,182,756,109,1,109,Western Australia
04-09-2022,754,189,877,94,2,188,New South Wales
04-09-2022,755,27,843,113,2,226,South Australia
05-09-2022,756,53,825,117,3,351,Northern Territory
05-09-2022,757,71,230,106,2,212,Western Australia
06-09-2022,758,124,640,93,1,93,Victoria
06-09-2022,759,4,1033,90,1,90,Northern Territory
06-09-2022,760,6,473,118,2,236,Northern Territory
07-09-2022,761,9,203,98,1,98,Northern Territory
08-09-2022,762,28,1053,93,2,186,South Australia
08-09-2022,763,47,1089,115,3,345,New South Wales
08-09-2022,764,99,159,91,3,273,Northern Territory
08-09-2022,765,109,1108,115,2,230,Western Australia
08-09-2022,766,163,682,113,3,339,Victoria
09-09-2022,767,185,406,119,3,357,Victoria
09-09-2022,768,104,1182,99,1,99,Queensland
10-09-2022,769,197,697,113,2,226,New South Wales
10-09-2022,770,48,683,113,3,339,Tasmania
11-09-2022,771,69,175,98,3,294,Tasmania
11-09-2022,772,160,951,97,1,97,Western Australia
11-09-2022,773,169,605,112,2,224,Victoria
11-09-2022,774,33,511,102,2,204,Tasmania
11-09-2022,775,35,302,105,1,105,Australian Capital Territory
12-09-2022,776,46,498,102,1,102,South Australia
13-09-2022,777,112,755,109,2,218,Northern Territory
13-09-2022,778,201,27,96,2,192,South Australia
14-09-2022,779,9,35,104,2,208,South Australia
14-09-2022,780,34,555,98,1,98,South Australia
14-09-2022,781,58,883,94,2,188,Queensland
14-09-2022,782,202,1177,99,1,99,Victoria
14-09-2022,783,94,939,96,2,192,South Australia
15-09-2022,784,152,731,119,1,119,Northern Territory
15-09-2022,785,181,506,102,3,306,South Australia
15-09-2022,786,51,668,113,1,113,New South Wales
15-09-2022,787,82,676,113,2,226,Tasmania
16-09-2022,788,104,67,104,3,312,Australian Capital Territory
16-09-2022,789,106,1069,93,3,279,Western Australia
16-09-2022,790,109,1072,93,1,93,Queensland
16-09-2022,791,134,840,113,2,226,Australian Capital Territory
16-09-2022,792,203,1229,112,1,112,Tasmania
16-09-2022,793,131,1142,102,2,204,Australian Capital Territory
17-09-2022,794,137,826,117,1,117,Northern Territory
17-09-2022,795,157,585,100,1,100,Victoria
18-09-2022,796,165,1060,93,2,186,Victoria
19-09-2022,797,191,219,106,1,106,Victoria
19-09-2022,798,192,664,93,1,93,Northern Territory
19-09-2022,799,39,1030,90,2,180,Tasmania
19-09-2022,800,77,1165,99,2,198,Northern Territory
20-09-2022,801,111,1031,90,3,270,South Australia
20-09-2022,802,118,110,92,1,92,South Australia
22-09-2022,803,132,979,97,1,97,South Australia
22-09-2022,804,193,656,93,3,279,Northern Territory
23-09-2022,805,46,666,113,3,339,Tasmania
23-09-2022,806,165,1165,99,3,297,New South Wales
23-09-2022,807,186,1208,105,2,210,Western Australia
23-09-2022,808,19,71,118,1,118,New South Wales
24-09-2022,809,131,865,113,2,226,Victoria
24-09-2022,810,162,849,113,2,226,Western Australia
24-09-2022,811,127,477,118,2,236,Australian Capital Territory
25-09-2022,812,148,1214,105,3,315,Western Australia
25-09-2022,813,150,263,95,3,285,Queensland
25-09-2022,814,113,90,118,2,236,Victoria
25-09-2022,815,150,736,109,1,109,New South Wales
25-09-2022,816,44,704,119,1,119,South Australia
26-09-2022,817,52,1141,102,1,102,Australian Capital Territory
26-09-2022,818,139,280,105,1,105,Northern Territory
26-09-2022,819,199,655,93,3,279,New South Wales
26-09-2022,820,203,1058,93,2,186,Tasmania
26-09-2022,821,16,297,105,2,210,Queensland
26-09-2022,822,108,1214,105,3,315,Australian Capital Territory
26-09-2022,823,121,1222,105,3,315,Western Australia
27-09-2022,824,197,254,95,3,285,Australian Capital Territory
28-09-2022,825,63,360,94,2,188,Australian Capital Territory
28-09-2022,826,92,994,106,3,318,Victoria
28-09-2022,827,166,661,93,2,186,Western Australia
28-09-2022,828,184,1100,115,2,230,New South Wales
29-09-2022,829,189,214,106,1,106,Victoria
29-09-2022,830,179,700,119,2,238,Western Australia
29-09-2022,831,75,604,112,3,336,South Australia
30-09-2022,832,117,532,98,1,98,Tasmania
30-09-2022,833,137,236,106,3,318,Queensland
30-09-2022,834,9,1061,93,2,186,Northern Territory
30-09-2022,835,14,108,92,2,184,Australian Capital Territory
30-09-2022,836,120,881,94,2,188,Western Australia
30-09-2022,837,34,62,104,1,104,Victoria
30-09-2022,838,56,1061,93,1,93,New South Wales
30-09-2022,839,108,555,98,2,196,Victoria
01-10-2022,840,152,537,98,3,294,Australian Capital Territory
02-10-2022,841,166,740,109,1,109,Tasmania
02-10-2022,842,183,758,109,3,327,Northern Territory
03-10-2022,843,66,465,118,2,236,Tasmania
03-10-2022,844,131,215,106,3,318,South Australia
03-10-2022,845,168,19,96,1,96,Victoria
03-10-2022,846,180,50,104,3,312,South Australia
03-10-2022,847,77,390,119,3,357,Queensland
04-10-2022,848,167,930,96,1,96,South Australia
05-10-2022,849,191,130,92,2,184,Queensland
05-10-2022,850,202,182,98,3,294,New South Wales
06-10-2022,851,47,823,117,2,234,Australian Capital Territory
06-10-2022,852,81,143,91,3,273,New South Wales
07-10-2022,853,107,39,104,2,208,Northern Territory
07-10-2022,854,93,1259,112,3,336,Western Australia
07-10-2022,855,119,551,98,2,196,New South Wales
08-10-2022,856,126,613,112,2,224,Western Australia
08-10-2022,857,128,322,109,2,218,South Australia
08-10-2022,858,172,574,100,3,300,Victoria
08-10-2022,859,185,469,118,2,236,Western Australia
08-10-2022,860,18,1110,115,3,345,Queensland
08-10-2022,861,66,901,94,2,188,New South Wales
09-10-2022,862,194,71,118,3,354,Western Australia
09-10-2022,863,134,653,93,3,279,Queensland
10-10-2022,864,144,295,105,3,315,Victoria
10-10-2022,865,161,525,98,3,294,Tasmania
10-10-2022,866,56,610,112,3,336,Northern Territory
10-10-2022,867,133,942,96,2,192,New South Wales
11-10-2022,868,25,593,100,2,200,Tasmania
11-10-2022,869,32,22,96,3,288,New South Wales
11-10-2022,870,88,86,118,2,236,Western Australia
11-10-2022,871,57,1078,93,2,186,Western Australia
11-10-2022,872,92,434,107,3,321,Northern Territory
11-10-2022,873,45,1253,112,2,224,Northern Territory
12-10-2022,874,108,394,119,3,357,Victoria
12-10-2022,875,176,1028,90,1,90,Victoria
13-10-2022,876,169,722,119,2,238,Queensland
13-10-2022,877,176,704,119,1,119,Tasmania
13-10-2022,878,183,359,94,2,188,Victoria
13-10-2022,879,100,470,118,1,118,Australian Capital Territory
13-10-2022,880,128,240,106,3,318,Victoria
13-10-2022,881,161,1177,99,2,198,Victoria
14-10-2022,882,15,1195,105,3,315,New South Wales
14-10-2022,883,72,548,98,2,196,New South Wales
15-10-2022,884,91,371,94,1,94,Western Australia
15-10-2022,885,123,553,98,2,196,New South Wales
15-10-2022,886,186,642,93,2,186,New South Wales
15-10-2022,887,58,1073,93,3,279,Northern Territory
16-10-2022,888,77,782,91,3,273,South Australia
16-10-2022,889,140,955,97,1,97,Victoria
17-10-2022,890,171,444,107,3,321,Tasmania
17-10-2022,891,182,792,91,3,273,Victoria
18-10-2022,892,36,37,104,2,208,Western Australia
18-10-2022,893,74,507,102,2,204,New South Wales
18-10-2022,894,97,545,98,1,98,New South Wales
19-10-2022,895,111,306,105,1,105,South Australia
19-10-2022,896,202,860,113,1,113,Northern Territory
19-10-2022,897,97,1183,99,1,99,Australian Capital Territory
19-10-2022,898,138,383,94,2,188,South Australia
19-10-2022,899,152,246,95,1,95,Victoria
19-10-2022,900,172,1245,112,3,336,South Australia
20-10-2022,901,5,695,113,1,113,New South Wales
20-10-2022,902,104,927,96,3,288,Tasmania
20-10-2022,903,110,1144,102,1,102,Northern Territory
21-10-2022,904,136,582,100,3,300,Australian Capital Territory
21-10-2022,905,37,608,112,2,224,New South Wales
21-10-2022,906,99,353,94,2,188,Northern Territory
21-10-2022,907,106,1105,115,3,345,South Australia
21-10-2022,908,117,765,109,1,109,Victoria
22-10-2022,909,127,328,109,2,218,Victoria
22-10-2022,910,196,948,97,2,194,Queensland
22-10-2022,911,163,153,91,2,182,South Australia
22-10-2022,912,8,256,95,2,190,Victoria
22-10-2022,913,73,1014,106,1,106,Northern Territory
22-10-2022,914,73,1188,99,3,297,New South Wales
23-10-2022,915,112,401,119,2,238,South Australia
23-10-2022,916,192,390,119,3,357,Queensland
23-10-2022,917,113,153,91,2,182,Western Australia
24-10-2022,918,121,60,104,2,208,Australian Capital Territory
24-10-2022,919,186,1038,90,1,90,Queensland
24-10-2022,920,187,129,92,3,276,Western Australia
25-10-2022,921,16,934,96,1,96,Western Australia
25-10-2022,922,42,978,97,2,194,South Australia
26-10-2022,923,77,1221,105,1,105,Australian Capital Territory
27-10-2022,924,95,497,102,2,204,Queensland
27-10-2022,925,98,431,107,2,214,Queensland
27-10-2022,926,194,954,97,1,97,Australian Capital Territory
28-10-2022,927,52,14,96,2,192,New South Wales
28-10-2022,928,97,476,118,1,118,Queensland
29-10-2022,929,100,471,118,2,236,Australian Capital Territory
29-10-2022,930,141,805,117,3,351,Northern Territory
30-10-2022,931,18,970,97,3,291,Australian Capital Territory
01-11-2022,932,30,325,109,2,218,New South Wales
01-11-2022,933,73,70,118,2,236,Australian Capital Territory
02-11-2022,934,185,360,94,3,282,Tasmania
02-11-2022,935,199,1057,93,3,279,Queensland
02-11-2022,936,66,672,113,2,226,Western Australia
02-11-2022,937,149,931,96,1,96,Tasmania
03-11-2022,938,153,698,113,1,113,Australian Capital Territory
03-11-2022,939,84,1074,93,1,93,Tasmania
03-11-2022,940,154,174,91,1,91,Western Australia
04-11-2022,941,1,218,106,2,212,New South Wales
04-11-2022,942,4,923,96,3,288,Northern Territory
04-11-2022,943,31,484,118,2,236,South Australia
04-11-2022,944,108,155,91,3,273,Victoria
05-11-2022,945,127,542,98,1,98,Tasmania
05-11-2022,946,130,250,95,1,95,Western Australia
07-11-2022,947,8,765,109,1,109,Queensland
07-11-2022,948,41,579,100,3,300,Queensland
07-11-2022,949,50,457,118,3,354,Australian Capital Territory
08-11-2022,950,148,779,91,3,273,South Australia
08-11-2022,951,177,257,95,2,190,Queensland
09-12-2022,952,19,809,117,3,351,Tasmania
09-12-2022,953,23,809,117,3,351,Tasmania
09-12-2022,954,53,56,104,1,104,Western Australia
01-12-2022,955,68,78,118,1,118,Tasmania
05-12-2022,956,83,588,100,1,100,Queensland
06-12-2022,957,163,563,100,3,300,Victoria
07-12-2022,958,50,1051,93,2,186,South Australia
08-12-2022,959,120,340,109,2,218,South Australia
09-12-2022,960,124,563,100,1,100,Australian Capital Territory
10-12-2022,961,5,830,117,3,351,Western Australia
11-12-2022,962,64,1012,106,1,106,New South Wales
11-12-2022,963,199,249,95,3,285,South Australia
12-12-2022,964,34,775,91,3,273,Queensland
13-12-2022,965,170,899,94,2,188,Northern Territory
14-12-2022,966,29,633,93,1,93,New South Wales
14-12-2022,967,90,134,92,3,276,Northern Territory
17-12-2022,968,172,413,119,1,119,Western Australia
18-12-2022,969,10,325,109,3,327,Western Australia
18-12-2022,970,47,777,91,1,91,Western Australia
19-12-2022,971,88,862,113,3,339,South Australia
19-12-2022,972,114,965,97,2,194,South Australia
20-12-2022,973,124,1199,105,2,210,South Australia
20-12-2022,974,133,523,102,1,102,Victoria
20-12-2022,975,1,981,106,3,318,Western Australia
20-12-2022,976,66,947,97,3,291,Victoria
21-12-2022,977,56,469,118,1,118,New South Wales
21-12-2022,978,162,896,94,1,94,New South Wales
22-12-2022,979,60,203,98,3,294,Australian Capital Territory
22-12-2022,980,67,798,91,2,182,Tasmania
23-12-2022,981,103,78,118,3,354,New South Wales
23-12-2022,982,111,186,98,1,98,Victoria
24-12-2022,983,193,396,119,2,238,Tasmania
24-12-2022,984,72,596,112,2,224,Northern Territory
25-12-2022,985,20,1114,115,1,115,Western Australia
25-12-2022,986,114,922,96,2,192,Northern Territory
26-12-2022,987,36,831,117,2,234,New South Wales
27-12-2022,988,45,1037,90,2,180,Australian Capital Territory
27-12-2022,989,95,444,107,1,107,Queensland
27-12-2022,990,140,575,100,1,100,Tasmania
28-12-2022,991,157,493,102,2,204,Australian Capital Territory
29-12-2022,992,39,148,91,3,273,Victoria
30-12-2022,993,108,1193,105,3,315,Victoria
31-12-2022,994,127,539,98,3,294,South Australia
